id,first_name,last_name,user_type,email,password
1,Arlena,Handrock,ADMIN,ahandrock1@chicagotribune.com,"aG3~""""mW"
2,Helen,Bond,CUSTOMER,hbondh@yandex.ru,qD0#\+>2<7g${4?
3,Emilie,McCorrie,CUSTOMER,emccorrien@last.fm,kV7!%<rQ2`b&=d
4,Cordelia,Klamp,CUSTOMER,cklamp14@over-blog.com,zK3!XY>03iTbW
5,Antons,Richten,CUSTOMER,arichten1i@cloudflare.com,"jJ9.fF,w#1W'"
6,Darbie,Reap,CUSTOMER,dreap1m@berkeley.edu,mE6~WAyR$0.
7,Hermia,Eliyahu,CUSTOMER,heliyahu1w@independent.co.uk,"yJ1,dKb(NFe,j"
8,Jessi,Kretchmer,CUSTOMER,jkretchmer2k@phpbb.com,wX3<eg%?d
9,Patten,Guillot,CUSTOMER,pguillot2l@com.com,iK8>IxV$%iIf>=(V
10,Lin,Brokenshaw,CUSTOMER,lbrokenshaw2w@rediff.com,"vX4)j,nuJm""u%{h9"
11,Cynthie,Pusill,SHIPPER,cpusillkz@unblog.fr,wD0_|2%B>aA
12,Vincenz,De Beauchamp,ADMIN,vdebeauchampll@godaddy.com,"iR4_8k.c=""I.c?"
13,Rora,Grieves,CUSTOMER,rgrieveslu@kickstarter.com,zI9}x)E*
14,Suzie,Stovold,SELLER,sstovoldcu@mayoclinic.com,cN7/EI\jk<`f
15,Marcellina,Siegertsz,SELLER,msiegertszqb@omniture.com,oK8?OI`oso}Srl|4
16,Jennine,Cuchey,CUSTOMER,jcucheyaz@ow.ly,"dW3._LM""o~m"
17,Murdock,Shelley,CUSTOMER,mshelleyb2@sitemeter.com,"bT7.{MY0cTUp""e"
18,Teddi,Clohissy,CUSTOMER,tclohissyfu@statcounter.com,"uM7!2\eLD"""
19,Mersey,Villa,CUSTOMER,mvillag6@spotify.com,iC7(Nj0`Efq
20,Lane,Cultcheth,CUSTOMER,lcultchethh7@phoca.cz,"tY2'p_W_>)""mx"
21,Zonnya,Rupke,SELLER,zrupkekk@arstechnica.com,uG2+ijJSYS7
22,George,Ivashin,SELLER,givashinko@vk.com,eJ2<Tkl5Q7)tc
23,Felicia,Feast,SHIPPER,ffeast4c@amazonaws.com,fQ9_rqYZ!G
24,Aloin,Belding,CUSTOMER,abeldingpy@bbc.co.uk,yC6./(v5.QEc56
25,Shawn,Creech,CUSTOMER,screecha1@newyorker.com,rG0_h}7+wad8
26,Marcellina,Crosetto,CUSTOMER,mcrosettod4@weibo.com,sP5{hiiMd5_0y
27,Corbie,Pomery,CUSTOMER,cpomerynn@aol.com,"zJ7""""gkvtV{=J"
28,Querida,Gadault,ADMIN,qgadault5y@paginegialle.it,wX3@CO%EVX}h
29,Rozele,Giannassi,SHIPPER,rgiannassi7c@irs.gov,jM0(n\(NRGmd>OEf
30,Bonnibelle,Wealleans,CUSTOMER,bwealleansam@seattletimes.com,cG9>um$OkGaM
31,Reyna,Southwood,CUSTOMER,rsouthwoodb5@ovh.net,kJ3\2dFgX!
32,Lynnette,Marshman,CUSTOMER,lmarshmanfz@mtv.com,"gL1,FPyox~E!"
33,Netty,Petroff,CUSTOMER,npetroffhs@craigslist.org,"lA8,,o>_oD!g"
34,Donn,Losano,CUSTOMER,dlosanopk@printfriendly.com,hM2$0C)F
35,Brnaby,Clapperton,CUSTOMER,bclapperton4l@fc2.com,aX7$fFU4yD3Pf
36,Jobi,Rosita,CUSTOMER,jrositamq@is.gd,"rU3!""4+Hn!"
37,Arlinda,Hyndes,CUSTOMER,ahyndespo@surveymonkey.com,cZ3+Hq2t
38,Elisha,Heimann,CUSTOMER,eheimann8d@tinypic.com,xD6/2WV>=A>qZ
39,Dun,Gadaud,CUSTOMER,dgadaud8v@columbia.edu,fG7<s.a5xOW
40,Osmund,Erbe,CUSTOMER,oerbeeb@free.fr,iJ3%0<vq@QR?p
41,Edythe,Greenstreet,CUSTOMER,egreenstreetrc@unblog.fr,kJ5$qCYy
42,Ellsworth,Cleave,CUSTOMER,ecleave41@de.vu,wT8%?L8YXfUxsF
43,Bellanca,Vicarey,CUSTOMER,bvicareyd0@flavors.me,"rI4>,{y85A"
44,Elset,Sherington,CUSTOMER,esheringtondq@shutterfly.com,"iG0@,1.vd0@!qqjo"
45,Meta,Raittie,CUSTOMER,mraittiej1@wiley.com,pD6)F{v2Y*H}
46,Donavon,Purvis,CUSTOMER,dpurvisox@google.cn,dQ8?QpB('iBb
47,Paule,Rubinow,CUSTOMER,prubinowrd@nydailynews.com,cZ2`v$kR29wHpEM
48,Domingo,Giacobo,SHIPPER,dgiacobo56@ask.com,gF4`&_dH$|+y6?qu
49,Verine,Osgarby,CUSTOMER,vosgarby7w@usgs.gov,nR6~6YE!
50,Massimiliano,Penwright,CUSTOMER,mpenwrightjr@alibaba.com,"gV5,\oI3>"
51,Fredia,Hyland,CUSTOMER,fhylandpq@weebly.com,"eY1)D""Fj{bxe<'i."
52,Cami,Linskey,CUSTOMER,clinskey7p@instagram.com,qP4/{\(LSs4X
53,Karry,Gillett,CUSTOMER,kgillettii@sina.com.cn,oE7|t*?$mZU3
54,Collete,Dicky,SHIPPER,cdickyj7@ebay.co.uk,"vA1&,CDR"
55,Jessamine,Zanni,CUSTOMER,jzannipv@barnesandnoble.com,bG6\A>%Kl@
56,Maure,Josofovitz,CUSTOMER,mjosofovitzq7@parallels.com,"uY9""~XNTx"
57,Nikolai,Bontine,CUSTOMER,nbontine9o@tuttocitta.it,nU0#HDOx
58,Addia,Yokel,CUSTOMER,ayokeld9@comcast.net,qY1~8ue0Y~_
59,Reece,Sapauton,CUSTOMER,rsapautonfs@foxnews.com,"qF3\QiPY"")(j1(v"
60,Skyler,Monaghan,CUSTOMER,smonaghanl2@gov.uk,"hW8""8unnWQ`.u+Q"
61,Hannie,Baynard,CUSTOMER,hbaynardnb@sitemeter.com,mP8!MfU#<N
62,Hussein,Kirkby,CUSTOMER,hkirkbyou@naver.com,"tM9>""co|9Y/OXu/"
63,Sib,Dovington,CUSTOMER,sdovingtonak@addthis.com,uQ8*F~N{UhG}6%5N
64,Ronald,Pringell,SHIPPER,rpringellcm@slate.com,lR0~09}2?hzz
65,Eimile,Tapply,CUSTOMER,etapplynf@msn.com,fY4'iFR{&
66,Hal,Thornewell,CUSTOMER,hthornewellp8@dyndns.org,"eN8,,yIp.v%"
67,Aurthur,Vigrass,CUSTOMER,avigrass80@topsy.com,"wB8,GXq(Oum"
68,Tomas,Maymond,CUSTOMER,tmaymond8p@e-recht24.de,"sT8""FN2\TK"
69,Bertrand,Milson,ADMIN,bmilson9c@ihg.com,oD8\8Pj2Te
70,Alfie,Voce,ADMIN,avoceha@hostgator.com,yN9>?5{I@pe
71,Nicolette,Hanscome,CUSTOMER,nhanscomem0@symantec.com,"aG9,.m3#otarl"
72,Mose,Philippault,SELLER,mphilippaultm4@stanford.edu,sC9}_rJZ2
73,Lettie,McGlue,CUSTOMER,lmcglueol@vimeo.com,"rB0<Az,|\hqIZ"
74,Germayne,Heaps,CUSTOMER,gheaps1z@usgs.gov,iA4#}d=#3kN=mFP
75,Risa,McDowall,CUSTOMER,rmcdowall6x@washington.edu,wL8(yK3x5=
76,Corrianne,Duffield,CUSTOMER,cduffieldbe@cyberchimps.com,"kS2~5<9H0""y0&"
77,Hewitt,Oleszczak,CUSTOMER,holeszczakis@spotify.com,"tN3""T,fD`By!+wRs"
78,Kathrine,Degli Abbati,CUSTOMER,kdegliabbatioy@people.com.cn,sD2)<$BTNa*J$
79,Lisha,Blanket,CUSTOMER,lblanketm1@soundcloud.com,iJ5$#VPgbyXbPy2q
80,Shara,Stammers,CUSTOMER,sstammersri@woothemes.com,mP8|!o5kO{YV
81,Langston,Danilovich,CUSTOMER,ldanilovich1k@php.net,xE5%X!D'LqKZ)L
82,Keith,Chataignier,CUSTOMER,kchataignierdw@bbc.co.uk,"yN2(a""yfbiq%/V,"
83,Mack,Hungerford,SHIPPER,mhungerford55@europa.eu,qC2{0TQP?VT
84,Shanie,Carratt,CUSTOMER,scarratt81@apple.com,iJ4'803\31IQfxp
85,Beck,Seeviour,SELLER,bseeviourgq@biglobe.ne.jp,vB0?&nwJR.t&nn%k
86,Willard,McCullagh,CUSTOMER,wmccullaghp0@ihg.com,sD5)m?V=)NE
87,Bartolomeo,Eilhersen,CUSTOMER,beilhersen4i@privacy.gov.au,"eC2,~8L=CUX`Tf"
88,Tish,Dyerson,SHIPPER,tdyersonfo@mayoclinic.com,lX8*Bw3qyXrc.l+
89,Bren,Braga,CUSTOMER,bbragaia@privacy.gov.au,uJ1#ZO6B
90,Korey,Romushkin,SELLER,kromushkinnh@twitpic.com,kP3~M&#%HG
91,Heriberto,Guitel,SELLER,hguitelok@geocities.jp,"fQ8+`z9q6(""C"
92,Harriett,Scarth,CUSTOMER,hscarthqk@umn.edu,fS6|{'IPCHxoIG@
93,Port,Janauschek,ADMIN,pjanauschek70@opensource.org,eG6.SkIHC\(OY
94,Wanda,Oake,CUSTOMER,woakehm@un.org,"nA0,,|,_fQg)"
95,Hattie,Etherington,CUSTOMER,hetheringtonog@amazon.co.jp,"mG9}n~ks,ni.""8aE"
96,Suzanne,Corben,CUSTOMER,scorbenq@blogspot.com,dI0.*=CXhI7
97,Curtis,Chatteris,CUSTOMER,cchatteris7v@msn.com,tI6.6{VpZpw
98,Jackson,Edmonson,CUSTOMER,jedmonson8u@etsy.com,jR8@ivy(}9qUJncp
99,Issie,Shackel,CUSTOMER,ishackele9@wikipedia.org,mY7&K4g<zZ
100,Stacie,Noddings,CUSTOMER,snoddingsgj@rediff.com,qY6\8NL+G
101,Leopold,Nowell,CUSTOMER,lnowell1u@nhs.uk,aM0%TOwd5DR
102,Minetta,Mazey,CUSTOMER,mmazey5u@wix.com,xU7\'N>GDD3RvI.
103,Caresa,Rowlinson,CUSTOMER,crowlinson84@virginia.edu,dZ1@$t/RnIL
104,Sheffie,Pering,CUSTOMER,speringff@biglobe.ne.jp,"oJ3""7c$p4A~%TZw"
105,Izak,Poletto,CUSTOMER,ipolettog8@dmoz.org,bS4</J0$Arza{
106,Son,Greader,CUSTOMER,sgreaderq4@meetup.com,qW1`yE|={PS
107,Dino,Capinetti,CUSTOMER,dcapinettiqm@msu.edu,dP8>bW9a|Nn&vX
108,Skipp,Kirsch,CUSTOMER,skirsch6c@hao123.com,vP0.n$J1G96
109,Devora,Mettrick,CUSTOMER,dmettrickbg@phpbb.com,gP1~Q$kMZbkb.8sW
110,Mirabel,Ridehalgh,SHIPPER,mridehalghfh@indiegogo.com,"cO8&5bMN,i22"
111,Danella,Northrop,CUSTOMER,dnorthropig@usatoday.com,gJ1}_F9vNHM_bnN
112,Regine,Shakesbye,CUSTOMER,rshakesbyeiq@wikipedia.org,"wB4`Xs_#0R,"
113,Sigismondo,Bownde,CUSTOMER,sbownde6f@devhub.com,xW4~=#d8I
114,Fiorenze,Reckus,CUSTOMER,freckus8c@chronoengine.com,"gB7&x,BD="
115,Angy,De Fries,SELLER,adefriesfe@51.la,"qA1/q3,__+##_k>,"
116,Dalis,Petrello,CUSTOMER,dpetrelloop@example.com,tL3%2IgHmob+
117,Niles,Dudin,CUSTOMER,ndudinki@github.com,nM6#P'{o%@z8
118,Verene,McGuiness,CUSTOMER,vmcguiness5f@tiny.cc,eF1{I.j*yVQ
119,Hazlett,Feild,ADMIN,hfeildoz@theatlantic.com,"xH4/>~kP'1%Jy("""
120,Marlon,Redfern,CUSTOMER,mredfernqf@archive.org,sT2)jQ_0Jpt
121,Tanner,Taphouse,CUSTOMER,ttaphouse6@buzzfeed.com,iE5!z_pm!&>e
122,Beltran,Reekie,CUSTOMER,breekie7b@qq.com,"lT8*DpJMd5K""r<R"
123,Therine,Woolward,CUSTOMER,twoolward3n@uol.com.br,pU7/j|@AMcv4JgYB
124,Angelico,Forlong,SHIPPER,aforlongr2@lulu.com,"sY7'9OlL,%"
125,Krishnah,Parris,CUSTOMER,kparris4s@mediafire.com,jF8)u)`N%@Z
126,Gabriello,Meikle,CUSTOMER,gmeikle6i@npr.org,nT6..7r#Oc
127,Virgil,Sinderland,CUSTOMER,vsinderlandk5@wordpress.com,fZ5)prx{0/
128,Oralee,Bowden,CUSTOMER,obowdenl0@msu.edu,sC6?h/tOf.v4vd
129,Caryn,Lecordier,CUSTOMER,clecordierny@wsj.com,rU1_wz+1XtRW
130,Byrom,MacGilrewy,CUSTOMER,bmacgilrewybn@bandcamp.com,"qW9""4nXXL&"
131,Alano,Lightbowne,SHIPPER,alightbownedz@msu.edu,aW6>zlPH$=c
132,Dion,Skase,CUSTOMER,dskasejg@chronoengine.com,dM7=%Yr.
133,Janaya,Priddis,SHIPPER,jpriddisk1@sciencedirect.com,qB9~d!%5
134,Ethelyn,Meere,CUSTOMER,emeere2m@drupal.org,jK7{uJ#93?zCTl
135,Marielle,Seldner,CUSTOMER,mseldner3c@zimbio.com,"yL1'20""&'@1lLcHz"
136,Sherye,Kike,CUSTOMER,skikebm@cnet.com,jK1~Z0TybUL..j8F
137,Theresina,Hammerberger,CUSTOMER,thammerbergerdm@google.it,qV5.0I2L8cD
138,Georg,Scurrell,CUSTOMER,gscurrelle2@networksolutions.com,jX7=ztOx5nzA`j\
139,Domenic,Trevna,CUSTOMER,dtrevna92@whitehouse.gov,eC9{G8f36(~VxO?
140,Dena,Cormode,CUSTOMER,dcormodech@typepad.com,rK2|0YQEq~3
141,Leo,Keasley,CUSTOMER,lkeasleyfl@chicagotribune.com,oO6&@5Ctj
142,Dame,Bogies,CUSTOMER,dbogieslf@geocities.jp,pY8#hx$B3C
143,Tildy,Bristoe,CUSTOMER,tbristoeqh@constantcontact.com,iC2=DTKgU)X4`\
144,Molly,Kidston,CUSTOMER,mkidston9p@fda.gov,gU0}Wnhj>B
145,Garland,Jeens,SHIPPER,gjeensfx@businessinsider.com,qA7)FhO.d2)E9
146,Crysta,Selborne,CUSTOMER,cselborne6w@washington.edu,qV3+z8N_U%Rg
147,Rourke,Edgson,CUSTOMER,redgson9s@is.gd,rR7+C>b(
148,Nessi,Pettigree,ADMIN,npettigreecx@boston.com,"oW0_~?~o\uxt,Wg"
149,Rosalia,Dreye,CUSTOMER,rdreyed3@bloomberg.com,"iX1,ec%B)5>"
150,Blanche,Eddington,CUSTOMER,beddingtonjk@shareasale.com,sA7@<K+BcP
151,Amara,Huster,CUSTOMER,ahusterk7@liveinternet.ru,fD5\+ZDlu
152,Denys,Yuille,SHIPPER,dyuillec2@rakuten.co.jp,rJ6|*/qmu\rJn
153,Margo,Biesterfeld,CUSTOMER,mbiesterfeldmf@pbs.org,nD6#$qCMf
154,Jen,Hoyland,CUSTOMER,jhoyland2j@pcworld.com,wD3`ZA(7
155,Menard,Bridgewater,CUSTOMER,mbridgewaterec@gravatar.com,"nU6|pmgK""nKD"
156,Blondy,Buckley,CUSTOMER,bbuckleyfb@mapquest.com,pQ1<u`e\#
157,Jacquelynn,Carmen,SELLER,jcarmennc@behance.net,"qW6|Iv3""3H%8Cioq"
158,Melisandra,Wimpeney,CUSTOMER,mwimpeney6d@accuweather.com,aL2+WGaih1
159,Odelia,De Few,CUSTOMER,odefewdr@gmpg.org,iT5_?TG#
160,Nissa,Ambrogi,CUSTOMER,nambrogiex@wunderground.com,"aF0""zA'q$A)"
161,Farrah,Bloss,CUSTOMER,fblosshy@dailymotion.com,kJ2*P_+Pb
162,Cora,Short,CUSTOMER,cshortr3@harvard.edu,lW3@EN#Ys)s
163,Trenton,Destouche,CUSTOMER,tdestouchefg@tinyurl.com,hF8?$vb`(k~DhbW2
164,Idalia,Attrill,CUSTOMER,iattrill6k@slideshare.net,uD4}+HN&VB>.b!B
165,Wayne,Heaffey,CUSTOMER,wheaffeycs@pen.io,xA6!Jw'zz
166,Letitia,Eveling,SELLER,levelingps@businessweek.com,"tB7_1IB17%&,|"
167,Sibbie,Spradbery,SHIPPER,sspradberyr7@constantcontact.com,qT4$m%6`{P\rB
168,Carmelle,Lean,CUSTOMER,cleanrg@sciencedirect.com,dV6~32PlgXXJk{~
169,Davida,Daymont,CUSTOMER,ddaymontrp@wix.com,uK2.)VDJN
170,Emelita,Surgener,CUSTOMER,esurgenerbd@studiopress.com,zX0&Q2P9#kis
171,Catherine,Donner,CUSTOMER,cdonnerir@vistaprint.com,qC8>B0TSchPz
172,Lanie,Pratty,ADMIN,lprattyjp@alexa.com,xF5~8DEth
173,Dionne,Twelvetrees,ADMIN,dtwelvetreesq3@harvard.edu,qJ2*c<xX+onEr(.a
174,Jacklyn,Barnwell,CUSTOMER,jbarnwell3b@hugedomains.com,nL4\$'<=NK~8TV
175,Letizia,Cestard,CUSTOMER,lcestard4g@washington.edu,mL4'xlu>e
176,Clare,Loxston,CUSTOMER,cloxston7u@spiegel.de,"wJ8""'D,+x"
177,Brockie,Shirer,CUSTOMER,bshirer83@themeforest.net,"rB0`a?,d"
178,Rebeka,Lighton,CUSTOMER,rlighton8m@oracle.com,iP5~966U
179,Evangelin,Seery,SHIPPER,eseeryb4@com.com,mB5_7G=9X!_?u.J
180,Sher,Bartholomieu,CUSTOMER,sbartholomieuf8@over-blog.com,tS4.7n5o
181,Leeanne,Enterle,CUSTOMER,lenterle11@omniture.com,yY0$(rrP(cv
182,Ashlee,De Wolfe,CUSTOMER,adewolfe3m@facebook.com,xY6'rH|igL3J(l
183,Currey,Koeppe,CUSTOMER,ckoeppeax@usda.gov,nZ6%<?JH
184,Marcia,Hanscome,CUSTOMER,mhanscome3l@tumblr.com,eK3`b)v&rlTpd.m(
185,Kailey,Bonds,CUSTOMER,kbonds75@cbc.ca,nL6'\%!N#d~).L\
186,Nowell,Weeks,CUSTOMER,nweeksdh@discuz.net,nC1!f7RL
187,Kaela,Munslow,CUSTOMER,kmunslowg4@google.co.jp,"pP6""7""?$"
188,Skip,Mcimmie,CUSTOMER,smcimmiegh@oaic.gov.au,tN9?RcS`
189,Kittie,Wackett,CUSTOMER,kwackettp4@surveymonkey.com,zR6~uc*N##3RY)~
190,Leonanie,Bursnell,CUSTOMER,lbursnell5@jiathis.com,"oH2}1lCFP(a""nR"
191,Serge,McWhannel,SHIPPER,smcwhannel19@hao123.com,jQ8~Dr\~}icVG*a
192,Hymie,Sired,ADMIN,hsired5d@quantcast.com,"yV5""gF{h!G@dK"
193,Gillian,Assard,CUSTOMER,gassard9x@mozilla.com,"iD8>FwN#lKl#,z"
194,Florella,Child,CUSTOMER,fchildob@dagondesign.com,bM1`Ock1mgJ*QToD
195,Cleopatra,Bettington,SHIPPER,cbettingtonq0@hao123.com,"rS5.cg`+&4Z{,qb!"
196,Adele,Rudland,CUSTOMER,arudlandgb@google.com,yB1\Z%(l
197,Korie,Tydeman,SHIPPER,ktydemanlg@usa.gov,"sV2*AiPg""xwO1hF*"
198,Bess,Flatt,CUSTOMER,bflattqe@google.ru,aC7&dgC?
199,Archibold,Cockling,CUSTOMER,acocklingfm@pinterest.com,tU4%>AiIH*
200,Anthea,Lubbock,CUSTOMER,alubbockfw@disqus.com,uP5.H77T7pZ2{*h
201,Rogerio,Schwander,CUSTOMER,rschwanderme@cnbc.com,"iO5,hxE<EVQ"
202,Alex,Campsall,CUSTOMER,acampsalloj@wordpress.org,"wY6,OEo&`K5+4D"
203,Brucie,Marchant,ADMIN,bmarchantfv@surveymonkey.com,lN7&0yvhh
204,Algernon,MacArthur,SHIPPER,amacarthur2f@senate.gov,qY9\q}oAg4MHOI
205,Auroora,Beardon,CUSTOMER,abeardon2u@google.pl,cD8$kr@CIUZ@G
206,Iorgo,Bard,SHIPPER,ibard3x@princeton.edu,jI3>HWZ+
207,Abramo,Kyteley,CUSTOMER,akyteley5z@t.co,nK3+Z4nvcV0)
208,Ester,Goom,CUSTOMER,egoomco@cbslocal.com,"bF5#F"">fx{NN?H@"
209,Darcy,Bassil,CUSTOMER,dbassiloe@phoca.cz,"xZ2$(""_SeV)>"
210,Marylee,Oleszczak,SELLER,moleszczakcb@youtube.com,gO9+`&+i6*lvC
211,Mady,Van Hove,CUSTOMER,mvanhovekm@amazonaws.com,dM2|Md0plyH8j
212,Lilly,Slewcock,CUSTOMER,lslewcockof@51.la,zO1/x#nS1
213,Johann,Golightly,CUSTOMER,jgolightly6q@list-manage.com,"aX7*V&wAZ""OPS"
214,Griswold,Kaindl,ADMIN,gkaindl7k@skype.com,nN3<cYpw
215,Kristan,Probyn,CUSTOMER,kprobynh0@cisco.com,"wZ5*7EUYe3U)~,K"
216,Fowler,Kisting,CUSTOMER,fkisting5b@salon.com,yX9$z!cx
217,Janessa,Philippsohn,CUSTOMER,jphilippsohn53@hud.gov,gN8+gFMm}p_wM@z3
218,Gearalt,Nellen,CUSTOMER,gnellen9l@miibeian.gov.cn,tN1>ASKIjm>a
219,Bab,Childs,CUSTOMER,bchildsj6@youtu.be,cO0&onFCxn
220,Tobye,Pittle,CUSTOMER,tpittle1v@dailymail.co.uk,"cJ4!,9e""C(cekfB"
221,Bathsheba,Vaulkhard,SELLER,bvaulkhard8o@nba.com,pS3<Tk|}sMI{
222,Arline,Rosellini,CUSTOMER,arosellinice@twitpic.com,kK8#TQaxqOBqH#
223,Ingra,Frayne,CUSTOMER,ifraynenr@cpanel.net,aF5/o(Uf
224,Gram,Canning,CUSTOMER,gcanning6a@imageshack.us,qW5|wuNV(
225,Kendal,Worsell,CUSTOMER,kworselldy@biblegateway.com,gY1~IOZ8R9e
226,Jonis,Carass,CUSTOMER,jcarasslj@histats.com,iA8*Mc9mIWNJ35
227,Kippar,Alp,CUSTOMER,kalp3v@shinystat.com,iP2<6P5qSv|8
228,Vanna,Plott,CUSTOMER,vplotta6@baidu.com,vC2@n=hi=uAI_j
229,Allen,Itzhayek,SELLER,aitzhayekem@elegantthemes.com,"eL5(1NV""#oL?s="
230,Paulie,Ventura,CUSTOMER,pventuram2@facebook.com,pX1~&Nn6d
231,Ninnette,Adkin,CUSTOMER,nadkinn8@devhub.com,uR8}\RI)3
232,Emmalynn,Philippe,CUSTOMER,ephilippe49@digg.com,"nN3'+!Eox|""q$IAA"
233,Vivie,Fowkes,SHIPPER,vfowkesgp@ustream.tv,sN7\$QZ{OsX/%%
234,Antons,Coat,CUSTOMER,acoatm9@miibeian.gov.cn,rP0|`'||
235,Noll,Mewis,CUSTOMER,nmewis8e@slashdot.org,"tS3<v,WQG7"
236,Esme,Bullivent,CUSTOMER,ebulliventc6@behance.net,oF5%9k*9T|lP$6Kw
237,Edi,Vercruysse,CUSTOMER,evercruyssega@un.org,"dI7(/CmJP,QC%N"
238,Darla,Hazlehurst,CUSTOMER,dhazlehurstgd@wikia.com,"kR0~5%7>,vkz"
239,Myra,de Guerre,CUSTOMER,mdeguerrek6@github.com,aW6?fZJo#R
240,Silvana,Blumson,CUSTOMER,sblumsonq6@oracle.com,iF8/Zz4y+a
241,Manon,Matten,CUSTOMER,mmatten6j@dropbox.com,"sX2&n'J.~KC5!,"
242,Joye,Macon,CUSTOMER,jmaconi1@soup.io,lX3&)'Pxz%vHjm|$
243,Georgianne,Leyband,CUSTOMER,gleyband3g@gizmodo.com,uC5$>#!$oGx
244,Munroe,Bartolomieu,CUSTOMER,mbartolomieu4e@berkeley.edu,kI0&tu$|Tl!#vH=
245,Winifield,Ottiwill,CUSTOMER,wottiwillav@mayoclinic.com,mP0}\%dDU1
246,Leyla,Hedworth,CUSTOMER,lhedworthov@google.nl,xM4=`2j*Sir
247,Gian,Sheen,CUSTOMER,gsheen1j@sfgate.com,"yF8"")E6<b"
248,Cesaro,Eastway,CUSTOMER,ceastway4h@amazon.co.jp,iA0*olC4C
249,Jaquenetta,Charon,CUSTOMER,jcharon9g@tuttocitta.it,uV9){'JlqGh
250,Sandra,Mordey,CUSTOMER,smordeybj@behance.net,xK5.>(Pu~CIWR
251,Lindsey,Guirardin,CUSTOMER,lguirardindl@huffingtonpost.com,dN2&@$hWO}
252,Meryl,Persich,CUSTOMER,mpersichj4@yellowpages.com,eU7!<$C}2Gdk_K<
253,Yovonnda,MacCague,CUSTOMER,ymaccagueja@bluehost.com,dF2/Q5G=~~H
254,Janka,Del Monte,CUSTOMER,jdelmontepr@elpais.com,wB6#fWefGajR`
255,Nico,Beeswing,CUSTOMER,nbeeswing2y@marriott.com,"cT2,pS`{Nr$HsaP"
256,Rachelle,Goodby,CUSTOMER,rgoodbya7@github.io,"mQ6!""~}fZ"
257,Lyndy,McBryde,SHIPPER,lmcbrydef4@sphinn.com,hO2!T='f
258,Krystalle,Myrtle,CUSTOMER,kmyrtlefq@sogou.com,tI8(WV&_1uA*DYu~
259,Zeb,Dybbe,CUSTOMER,zdybbejx@cbslocal.com,kA1>P_B?pq
260,Yancey,Storrar,CUSTOMER,ystorrar8@rakuten.co.jp,fH3~H|7u.=0q<*
261,Aloysia,Rake,CUSTOMER,araked@yelp.com,oT2%\}M}
262,Melitta,Minot,CUSTOMER,mminotk@youtu.be,zC0.tc|>PkEngNH
263,Beatrice,Ower,CUSTOMER,bowerp@nifty.com,hC3}X6)>(i*@
264,Aurlie,Hafner,CUSTOMER,ahafner23@unblog.fr,wO2|*!JRrP
265,Torin,Rickerd,CUSTOMER,trickerd2d@nifty.com,"eE4%,'Cuk"
266,Minda,Goodreid,CUSTOMER,mgoodreid2x@arizona.edu,hV5)=Ly1B}
267,Vinnie,Arents,CUSTOMER,varentsc5@wikipedia.org,dX3%$)+voc`{5O8
268,Morganica,Brech,CUSTOMER,mbrechio@marketwatch.com,yV8!Sx=#
269,Roby,Bartod,CUSTOMER,rbartodmv@baidu.com,mP2=en(|}@Ze{
270,Lorette,Greystock,CUSTOMER,lgreystock2h@imgur.com,yO4>bQFa
271,Jere,Joberne,CUSTOMER,jjoberne5v@comsenz.com,aC5'(ax_4
272,Sarine,Koenraad,CUSTOMER,skoenraad9u@netlog.com,fN4'+)U8o!
273,Carny,Dukesbury,CUSTOMER,cdukesburyhn@princeton.edu,lH8#vO(8sX
274,Adelheid,Boden,CUSTOMER,aboden1o@cnbc.com,kW9!PU`qcU
275,Daloris,Jannaway,CUSTOMER,djannaway96@shutterfly.com,rJ1~b4Ms
276,Lyon,Craik,CUSTOMER,lcraikgk@hud.gov,xN6\qaE/N!2uiT
277,Sigfried,Riglesford,SHIPPER,sriglesfordip@privacy.gov.au,"tE0\j5WM"""
278,Jessica,Siemantel,CUSTOMER,jsiemantelms@accuweather.com,mG4*n(3eUB
279,Lawrence,Helgass,CUSTOMER,lhelgass7d@google.com,lL8<s/Y1T{dSs
280,Ernestine,Massel,CUSTOMER,emassele4@geocities.jp,xD4\qmn%0tQzmc
281,Deeyn,Revey,CUSTOMER,dreveyca@gravatar.com,hS6.bWK3BfhpBXf
282,Verla,Rudsdale,SELLER,vrudsdaleiw@state.gov,"gU2%OE`ED4"""
283,Aurilia,Klass,CUSTOMER,aklasskc@facebook.com,"eN7'r\""A~|{Q{"
284,Evelina,Burless,CUSTOMER,eburlesskq@oaic.gov.au,vB6{IklL/
285,Iolanthe,Pasby,CUSTOMER,ipasbyo6@github.com,qX9>&mVyM9%
286,Yorker,Bromwich,CUSTOMER,ybromwich5l@usa.gov,oU5&Qr'P/Z4SgaK
287,Priscella,Stainton - Skinn,CUSTOMER,pstaintonskinnb8@cpanel.net,"qP8#8SI)Y(L~""2oL"
288,Ella,Jencey,CUSTOMER,ejenceymx@examiner.com,xM0?(r%Srhm0
289,Tamarra,Catenot,CUSTOMER,tcatenotqd@spiegel.de,qQ1\oRmsZ
290,Alina,Lucken,CUSTOMER,alucken8k@unblog.fr,eL3{ICKXdP3lD
291,Geri,Derby,CUSTOMER,gderbyiy@smh.com.au,"qZ5""I?\dBF=`"
292,Cori,Drever,CUSTOMER,cdrever1s@angelfire.com,uQ3%qYPnL8
293,Emmeline,Bools,CUSTOMER,eboolsck@harvard.edu,iZ0>Lc2<xZW|dk>
294,Dalt,MacDavitt,CUSTOMER,dmacdavittin@miibeian.gov.cn,gV1=.m`~ao
295,Clara,Sember,CUSTOMER,csembera3@state.tx.us,oP1!QCkqc$fr5a\
296,Teddie,Aseef,SHIPPER,taseefdg@yale.edu,"zN1'@l,a<j7<5`PA"
297,Reggi,Rollett,CUSTOMER,rrollettl5@theguardian.com,sY3{D2IllrdMHr'.
298,Ximenes,Fishly,CUSTOMER,xfishlym8@apache.org,zC1(!of8SuB
299,Spence,Robilart,SHIPPER,srobilart93@webs.com,fP3~c65LB9e
300,Ealasaid,Baroch,ADMIN,ebarochbi@a8.net,aE1$~}2<
301,Oralla,Snarr,CUSTOMER,osnarrbz@sbwire.com,fX9&O+2R+
302,Romola,Ivanchov,CUSTOMER,rivanchovpz@merriam-webster.com,gL6?ptq03
303,Harriett,Matusovsky,ADMIN,hmatusovskyro@reference.com,eE3\fa?e4rVM
304,Blayne,Maymond,CUSTOMER,bmaymond69@berkeley.edu,bL2)o9T!=h
305,Salim,Mather,CUSTOMER,smather8x@intel.com,dD5(7#mQI
306,Kimbell,Bunning,CUSTOMER,kbunningcj@xrea.com,xM9~d6hG~O
307,Darb,Bowller,CUSTOMER,dbowllerqi@multiply.com,rI3)`18|S>Y)axRG
308,Blondy,Gawler,CUSTOMER,bgawler31@redcross.org,fM2/9h6aP
309,Brooks,Milbank,CUSTOMER,bmilbank9e@huffingtonpost.com,rQ9)*%.K
310,Whitby,Gittus,ADMIN,wgittusd6@wiley.com,dO8)Vg)u`
311,Cecil,Steele,CUSTOMER,csteele6h@apache.org,zE3>dcGdE
312,Ollie,Been,ADMIN,obeen8r@addthis.com,bC3}a08OE(
313,Shea,Reis,CUSTOMER,sreisk8@slate.com,rK5)?Y?w
314,Helene,Mordue,SHIPPER,hmordueph@google.fr,iN0*kLFzg
315,Shel,Cotta,CUSTOMER,scotta45@pen.io,"oL3<e@9q""}S9UWO"
316,Hobie,McNicol,SHIPPER,hmcnicol1b@reference.com,rN2%lLD2ASrLXJ
317,Nilson,Lennie,CUSTOMER,nlennie54@yale.edu,lZ8>{U+_m9)|
318,Yoshiko,Higgonet,CUSTOMER,yhiggonetez@blog.com,"xT5,xmfqp"
319,Mae,Calendar,CUSTOMER,mcalendarlq@g.co,"bN4""r_n`eCxl&#"
320,Vinnie,Klishin,CUSTOMER,vklishinnw@multiply.com,sH6\4gk7\/g5N_>H
321,Rozalie,Cremin,CUSTOMER,rcreminqg@example.com,"dV6@d\,Qz6"
322,Benoit,Gobourn,CUSTOMER,bgobourn3o@sbwire.com,yT9<BxVwnc`
323,Brittan,Childerley,CUSTOMER,bchilderley5c@ted.com,"zP8?""qS>qx*cAgn"
324,Nollie,Aylmore,SHIPPER,naylmoredc@diigo.com,kW6>zmX#
325,Hyacinthia,Wreath,CUSTOMER,hwreathcr@pcworld.com,mL3\dzOcWI
326,Cherye,Piecha,CUSTOMER,cpiechand@irs.gov,vF7)WJL2
327,Clywd,Pawlyn,CUSTOMER,cpawlyned@samsung.com,uD7.#u*D#<{
328,Odille,Bigglestone,CUSTOMER,obigglestoneky@soundcloud.com,pB9_haUPU
329,Hal,Keijser,CUSTOMER,hkeijserm7@mysql.com,"oR4""`devt>LQ47S"
330,Theda,Evreux,CUSTOMER,tevreux5i@si.edu,"aS4,4PIO"
331,Ly,Thams,CUSTOMER,lthams79@histats.com,qF5_/pWu
332,Raul,Werlock,CUSTOMER,rwerlockho@berkeley.edu,qZ2=i_F`
333,Gipsy,Orris,CUSTOMER,gorrisje@bigcartel.com,oG3{{+~9f7)\Fe
334,Gardy,Thor,ADMIN,gthorkh@hubpages.com,"hF4<NU}w3JX,EV"
335,Eliza,Whitnall,CUSTOMER,ewhitnallmp@thetimes.co.uk,"jM3(""zyTpUzI*@Y`"
336,Yovonnda,Waber,ADMIN,ywabere5@sitemeter.com,"iA0`(,OzRxrgC4"
337,Bent,McGettigan,CUSTOMER,bmcgettiganhv@netlog.com,"fL2(""fW5y8k26!"
338,Clerc,Oulett,CUSTOMER,coulettn1@dot.gov,mT6+.&FY{/<k1T
339,Haskel,Toomey,CUSTOMER,htoomey7@privacy.gov.au,"aH0""MZ84Tm%"
340,Frederique,Malcolm,CUSTOMER,fmalcolmh4@topsy.com,sO2>5VMAw
341,Viola,Tanslie,CUSTOMER,vtansliei6@ifeng.com,xH1>0VcS+n3g
342,Cristin,Wealthall,CUSTOMER,cwealthallkx@com.com,xF6'dLY|?~
343,Gwenny,Stuther,CUSTOMER,gstutherot@reddit.com,zP2}*X=3
344,Izak,Binfield,SHIPPER,ibinfield10@etsy.com,tC9%j@lI6mP\\O
345,Raven,Headrick,CUSTOMER,rheadrick4q@tuttocitta.it,uP6(#0b~fCYQk\
346,Pierrette,Dwelly,CUSTOMER,pdwelly8a@prlog.org,wR2/(.z<!~}OzR
347,Calley,Jolliff,CUSTOMER,cjollifff7@phpbb.com,"gL4+!x(_""NRG"
348,Ezechiel,Burgon,CUSTOMER,eburgonfr@nsw.gov.au,zS6_a1!<#
349,Ansley,Kleeman,ADMIN,akleemann6@amazon.com,"uL0@<""LHc2U`c6"
350,Torrence,Kinnin,CUSTOMER,tkinnino5@posterous.com,wL9\AD@'
351,May,Turbefield,CUSTOMER,mturbefieldep@globo.com,yJ2(YYg/
352,Barnabe,Nyssen,SHIPPER,bnyssenmg@creativecommons.org,wT3/gGe>5.
353,Pasquale,Kless,CUSTOMER,pkless8n@linkedin.com,gU4{c/r7UA
354,Natale,Redihough,CUSTOMER,nredihoughc8@nsw.gov.au,jU4`@$cWMI!$rT%H
355,Lusa,Mawford,CUSTOMER,lmawfordix@tumblr.com,lY0\|5o9
356,Kevina,Gawne,CUSTOMER,kgawnep6@tripod.com,jA5`qh6qz
357,Eb,Tuny,CUSTOMER,etunypc@businesswire.com,lY4}\4tU
358,Garrard,Fosse,CUSTOMER,gfosse4f@arizona.edu,gB8#wi`8
359,Ray,Stoad,CUSTOMER,rstoadqw@businesswire.com,rI5%1JNy2ZghdJx<
360,Abigael,Mundall,CUSTOMER,amundallbs@goodreads.com,nY0/ML0v&
361,Tommy,Dudill,CUSTOMER,tdudill33@foxnews.com,yG0=pCTpU'
362,Burt,Stolle,CUSTOMER,bstolle7a@gov.uk,wC1/cgn1icEn
363,Decca,Gregoriou,SELLER,dgregoriou9k@sciencedaily.com,"qX8'QR+_Z,5"
364,Marilee,Drewitt,CUSTOMER,mdrewitti3@alibaba.com,jU8+|ADDW1?OOM=8
365,Jamill,De Hooch,ADMIN,jdehoochcf@weibo.com,tJ3~Tk10#uioR29
366,Quint,Lambregts,CUSTOMER,qlambregtsdx@ft.com,"mL3_byr~8Y1s,8"
367,Lori,Ville,CUSTOMER,lvilleil@amazon.de,pQ4*r@e#X/?b
368,Errick,Troyes,CUSTOMER,etroyesl9@cloudflare.com,dM6@l=\3|YFT
369,Dennie,Haldane,SHIPPER,dhaldane7z@jugem.jp,eL1((BAm/HUvH/c
370,Shaughn,Gaylor,CUSTOMER,sgaylor9w@bandcamp.com,lK4%+=Zl)|=<H
371,Twila,Shillam,CUSTOMER,tshillambv@nyu.edu,"uB7~0*D<B9@,"
372,Britney,De Freyne,CUSTOMER,bdefreynekr@usa.gov,"mE9&1h{,0q'hu."
373,Raffaello,Allenby,ADMIN,rallenbyl6@barnesandnoble.com,hY2$mpSB50
374,Pepe,Heatlie,CUSTOMER,pheatliemd@cocolog-nifty.com,lN3.Z3zs'8~+
375,Niven,Brobak,SELLER,nbrobak4u@sina.com.cn,"kY8!`&0mvo&""S}7+"
376,Emili,Dunning,CUSTOMER,edunningbc@fda.gov,sO8?}~/kgf
377,Bertine,Disney,CUSTOMER,bdisneyg3@nifty.com,"dC6'""/CFZM<"
378,Darda,Skinner,ADMIN,dskinnerpa@list-manage.com,"jV2*N`}b<1f~{c"""
379,Augustine,McFetridge,CUSTOMER,amcfetridgeby@reference.com,uO9}(Otea/YKBM
380,Rollo,Lewsley,CUSTOMER,rlewsleydb@flickr.com,pI4)%QC9r+O
381,Sheilakathryn,Jorat,CUSTOMER,sjoratjv@ucla.edu,hC6#m$F8J$s~'>?q
382,Karlene,Oldred,CUSTOMER,koldredlm@scientificamerican.com,yS2_4fH/W{s2>1
383,Rosie,Dobey,CUSTOMER,rdobey5g@myspace.com,aI1|ebuDsT&BGa\E
384,Shalom,Comport,SELLER,scomport7h@google.es,fI7!&/czDjLf<sE
385,Glad,Linsey,ADMIN,glinseyp7@google.com.hk,rO9<.R.UBwxKx
386,Dari,Soppeth,CUSTOMER,dsoppethqu@spotify.com,xZ1>nCl>
387,Gabbey,Giacomoni,CUSTOMER,ggiacomonicw@senate.gov,pD2_XS#tg~N
388,Mendel,Grunbaum,CUSTOMER,mgrunbaumdf@rediff.com,sN3!3@LEy_
389,Zena,Heinl,CUSTOMER,zheinl39@disqus.com,eR1/W#h{7
390,Nat,Antonsen,CUSTOMER,nantonsen5x@webmd.com,aJ1@ob(t9{5`K
391,Amelie,Vel,CUSTOMER,avel9f@gnu.org,rB8`Z0~cqc_
392,Idelle,Huffy,CUSTOMER,ihuffyj0@parallels.com,kI9@Gs?.
393,Carie,Brettelle,CUSTOMER,cbrettelle6b@nifty.com,"mZ3""buxm./O++FW"
394,Olenka,Hannigan,CUSTOMER,ohannigan94@gizmodo.com,dF6_#gQyN'9
395,Fifi,Surmeyer,SHIPPER,fsurmeyerhw@tuttocitta.it,lS1/=woR=\mLLD
396,Arty,Hernik,CUSTOMER,ahernikpl@dmoz.org,qN4=_Th8!YbTG$
397,Harrie,McMullen,CUSTOMER,hmcmullena@guardian.co.uk,aL9}J@o<i?Ag_!
398,Jarib,McCarty,CUSTOMER,jmccarty3r@yellowbook.com,iR4<$@t<sy
399,Ansell,Farrah,ADMIN,afarrah4w@nifty.com,sX2_?c+c>_bT7
400,Kingston,Freemantle,CUSTOMER,kfreemantleac@jugem.jp,jR6*yS>ccUtB1NoO
401,Horatius,Woodwind,CUSTOMER,hwoodwindeh@sohu.com,zI6=p`g&+{PU's|
402,Osbourne,Gopsill,SHIPPER,ogopsillni@apache.org,oF7*8l@1yX
403,Marianna,Thompsett,SHIPPER,mthompsett1d@google.nl,cH8'K5fC3EzRg$3+
404,Gar,Staniland,CUSTOMER,gstaniland47@domainmarket.com,"fH1!fUd,<"
405,Alfy,Rastall,CUSTOMER,arastallal@flavors.me,"eM8|S,hQi{"
406,Carter,Dorward,CUSTOMER,cdorwardmy@alexa.com,rM4(L._JW}Jtlds=
407,Wilona,Van der Brug,CUSTOMER,wvanderbrugra@symantec.com,aC8|%p8?O/\rD
408,Kelbee,Galsworthy,CUSTOMER,kgalsworthy2r@mayoclinic.com,rV3*eVQ/wSd56h
409,Laurent,Adshede,CUSTOMER,ladshede9b@discovery.com,xU0_FDUUr
410,Jerrold,Pagelsen,CUSTOMER,jpagelsenhr@theatlantic.com,uX1(<7)qLP)eg
411,Adler,Hazley,CUSTOMER,ahazleyhz@mashable.com,"aN2""YQdZn_')0ZN&"
412,Ambros,Forster,CUSTOMER,aforsterow@epa.gov,hR5}Ku~aO
413,Sol,Dodle,SHIPPER,sdodle1r@state.gov,gG9!hC$@
414,Tove,Canellas,CUSTOMER,tcanellasno@prnewswire.com,lT1=M(x\t
415,Olimpia,Peret,CUSTOMER,operetm@phoca.cz,"nH9,8HU@W*}97V."
416,Farlie,Helmke,SELLER,fhelmkead@latimes.com,aQ6\ipaw
417,Nonnah,Menego,CUSTOMER,nmenegoib@wsj.com,lJ3{HU6K/
418,Giorgi,Reisen,CUSTOMER,greisenk9@gravatar.com,wO0)zF1`xXeC
419,Artus,Shave,CUSTOMER,ashavemj@auda.org.au,zS7{k_6Os
420,Manya,Juggings,CUSTOMER,mjuggings38@joomla.org,sX7)dwW&O7FJ
421,Lionel,Deboy,CUSTOMER,ldeboylr@phoca.cz,"xN0>kuvZ{U""/r"
422,Hart,Seven,CUSTOMER,hseveno7@google.cn,kM6=_b*R&
423,Arin,Reaper,CUSTOMER,areaper3z@epa.gov,"gM8)TI.hhC,."
424,Wheeler,Linthead,CUSTOMER,wlinthead48@plala.or.jp,eK7/=In`
425,Terrye,McQuaker,CUSTOMER,tmcquaker8w@odnoklassniki.ru,iB2&XgDPc}TS}?T
426,Dallas,MacGibbon,CUSTOMER,dmacgibboncd@google.co.uk,"zY4\Qgy,H?c"
427,Nellie,Kidstoun,CUSTOMER,nkidstounkb@cpanel.net,yD7|ST2`Y
428,Bud,Blurton,ADMIN,bblurtono4@mysql.com,zP4+h\ta>2
429,Markus,Dashkovich,SHIPPER,mdashkovichpu@ox.ac.uk,rM3*972BxQ!7E
430,Courtnay,Littleover,CUSTOMER,clittleover76@buzzfeed.com,eM5`}nz6Or2X
431,Bertram,Bishell,CUSTOMER,bbishellab@fotki.com,rY7<Ky95%#&\5/
432,Man,Ponder,SELLER,mponderay@wp.com,pC4?=pMUv5u_fG
433,Ruby,Symones,ADMIN,rsymonesb6@loc.gov,jS4_jb'l
434,Lulu,De Andreis,CUSTOMER,ldeandreisb7@chron.com,"bR2,\F@RDy8w%"
435,Bronnie,Gantley,SHIPPER,bgantleykj@cafepress.com,"tE6(b&=,!&uVA,U|"
436,Kory,Faccini,CUSTOMER,kfaccinild@noaa.gov,"lD0""SLBan"
437,Xymenes,Schankelborg,CUSTOMER,xschankelborg57@yolasite.com,"fZ8.lAYH""h&loD"
438,Antin,Dranfield,SELLER,adranfielda0@trellian.com,jI2!*\'4(khx3(
439,Ellery,Biasioni,CUSTOMER,ebiasioniaa@sitemeter.com,uQ0/P`B*vyC|/
440,Hatty,Filimore,CUSTOMER,hfilimorecc@jimdo.com,fB3|yLWwT#T
441,Giffard,Zorn,CUSTOMER,gzorne3@fema.gov,dW6/8w&<<
442,Cacilie,Feak,CUSTOMER,cfeaka5@lycos.com,oS2}xh*d<B
443,Reine,Taggart,CUSTOMER,rtaggarteg@bloglines.com,cJ6&ey@u
444,Pepito,Sangar,CUSTOMER,psangaro2@mail.ru,pU4\!TNNUhi
445,Waldo,Gunner,CUSTOMER,wgunneros@uiuc.edu,fF8%w~\b&?e
446,Rosie,Sword,ADMIN,rsword2b@sina.com.cn,eW5$TC~q@\)Rzj
447,Elizabeth,Anthonsen,CUSTOMER,eanthonsenan@google.it,jF0*B>y9E
448,Cinnamon,Zukierman,CUSTOMER,czukiermanc4@nps.gov,rF3*SQFO%HO8dU
449,Alexine,Joll,CUSTOMER,ajollhu@hibu.com,oZ5~(2x/2|CVwr$
450,Coriss,Freezor,CUSTOMER,cfreezord8@nytimes.com,"aJ7,40<2Phu1B"
451,Nahum,Jencken,CUSTOMER,njenckenev@angelfire.com,sF5.h<Uv1E`iUa
452,Brian,Skeels,CUSTOMER,bskeelsfa@moonfruit.com,iP4<oLMc>D0dGfi
453,Ira,Barling,CUSTOMER,ibarlingh5@angelfire.com,"fD4""1d7oPqm"
454,Papageno,Mannakee,CUSTOMER,pmannakeeju@usnews.com,iN5?Qy772/k
455,Priscilla,O'Donohue,CUSTOMER,podonohuekw@instagram.com,iF6}YVu9p+R
456,Noby,Sheehan,ADMIN,nsheehan4r@edublogs.org,nS7!h>rxcU||
457,Herrick,Cudmore,CUSTOMER,hcudmore5w@bloglines.com,zY8_)1Vj$n&k+Q8<
458,Marchall,Whodcoat,CUSTOMER,mwhodcoatae@seattletimes.com,iY6_zUm#
459,Bradan,Mainwaring,CUSTOMER,bmainwaringao@123-reg.co.uk,"vA2#snqqDhF""UpC"
460,Corny,Smallcombe,CUSTOMER,csmallcombeqc@123-reg.co.uk,kR9|PN5<h8@TmS
461,Godard,Karpinski,CUSTOMER,gkarpinskiee@nbcnews.com,"wV8,quEa"
462,Joyous,Jelks,SHIPPER,jjelksft@barnesandnoble.com,"rK9_,qPY"
463,Morly,Kintzel,CUSTOMER,mkintzel68@sciencedaily.com,"fU8""9PlEIR"
464,Nathanial,Lyddiatt,CUSTOMER,nlyddiattji@google.co.jp,"wE7$""Djei<Ou"
465,Harriot,Bleasby,CUSTOMER,hbleasby6g@webnode.com,lG5@%BR@7wsKxz
466,Bertrando,Haslen,CUSTOMER,bhaslen9m@china.com.cn,pS0@+q0)pp
467,Colin,Gyver,CUSTOMER,cgyveraf@zdnet.com,"bF2`""1*biJ_phk"
468,Tirrell,Blain,CUSTOMER,tblaincy@squarespace.com,xW9@9B`E85m
469,Marge,Robertucci,CUSTOMER,mrobertucciet@hhs.gov,uR0=(kT34c})Sp
470,Birgitta,Kabsch,CUSTOMER,bkabschi8@businessweek.com,"qH7,Rp|k21.?sE~t"
471,Inness,Morrall,CUSTOMER,imorrallk0@slate.com,dU3{|\Xs
472,Barnabas,Wiggett,CUSTOMER,bwiggettmu@berkeley.edu,oT7#M(a8AtlF\
473,Wood,Bonin,CUSTOMER,wboninrk@dropbox.com,mX8<FAT8sv6p@11
474,Denis,Blagbrough,CUSTOMER,dblagbroughqt@google.com.au,bX4@4&zK_%
475,Aarika,Allardyce,SHIPPER,aallardyce2g@eventbrite.com,mM8$xRS8
476,Adah,Bancroft,CUSTOMER,abancroft89@bigcartel.com,zZ5{{vPSic|Q
477,Rafaello,Bayless,CUSTOMER,rbayless7l@reference.com,jJ9&5TwvZpu9.eE}
478,Felicio,Tick,CUSTOMER,fticka9@nature.com,"sJ1$=D.TV,7wQn"
479,Evangeline,Roeby,CUSTOMER,eroeby6t@alibaba.com,"tO2,Hdw6"
480,Osgood,Bownd,CUSTOMER,obownd8q@google.com.hk,"rY5/SlQ3,V"
481,Ronica,Artin,CUSTOMER,rartina4@marriott.com,iB1%Y8L)+
482,Pietro,Gisbourn,CUSTOMER,pgisbourngi@ted.com,rW9|a7W/D'&)2o~
483,Adolphus,Aisthorpe,ADMIN,aaisthorpeif@cbc.ca,jC8={?K+
484,Xaviera,Austick,CUSTOMER,xaustickqy@g.co,mR0/mb3%4Nsc{
485,Shaine,Cowerd,CUSTOMER,scowerdgo@skype.com,kC2!N|/q&4
486,Ravid,Bleazard,CUSTOMER,rbleazardi0@weebly.com,iB4`'n2`F4
487,Page,Itscowics,CUSTOMER,pitscowicsiu@furl.net,jO6'{&b4.16WO
488,Wright,Spall,CUSTOMER,wspalljj@geocities.jp,nO5<ih.2Hyl~d'
489,Curcio,Vannar,CUSTOMER,cvannar36@edublogs.org,cH4&$&#P>5
490,Javier,Alexsandrowicz,CUSTOMER,jalexsandrowicz5a@cyberchimps.com,sE8.B?w7|
491,Ximenes,Greveson,CUSTOMER,xgreveson7j@who.int,"vE1/A""P3B"
492,Astra,Osban,CUSTOMER,aosbanbk@netscape.com,tB2~d*VZC505
493,Pierre,Arnould,CUSTOMER,parnouldf9@smh.com.au,mN2`V6p}5
494,Brittne,Gehrts,CUSTOMER,bgehrtspe@weibo.com,yG6|Xm=o
495,Vania,Tombs,CUSTOMER,vtombsv@ning.com,"jK9.bsYTg6fN,TS<"
496,Murial,Bartolijn,ADMIN,mbartolijnk4@hibu.com,mM9\Or($BH\iM?
497,Debbie,Tripean,CUSTOMER,dtripeanom@cnbc.com,vB4=h}xrcV%m|vc
498,Toni,McNeice,SHIPPER,tmcneicepw@moonfruit.com,xW0!FqmI$%=0uZ
499,Dallas,Childs,CUSTOMER,dchildsf5@linkedin.com,fV8&k\Xp<L
500,Robena,Terrington,CUSTOMER,rterringtonc@icio.us,"rV9~H,@K"""
501,Tommy,Berndtsson,ADMIN,tberndtssonx@ibm.com,qZ0<C7om
502,Gwenny,Arkcoll,CUSTOMER,garkcoll12@mlb.com,"lP2>d,+_004J5"
503,Demetris,Balaisot,CUSTOMER,dbalaisot1q@ameblo.jp,mF1'!t5D9*Nzu
504,Kass,Smitheman,SHIPPER,ksmitheman2n@mediafire.com,sX4`OS4Eg$cV&fVJ
505,Tobe,Hackinge,CUSTOMER,thackinge2s@vistaprint.com,nC4>{053yg4bv_V
506,Dill,Tofano,CUSTOMER,dtofano3w@fema.gov,vU9/02Jt
507,Alard,Pessold,CUSTOMER,apessold52@tripod.com,kV0`MwbIIu)
508,Norrie,Uttermare,ADMIN,nuttermarecn@psu.edu,uX8#>D}Y2
509,Nessi,Mundee,CUSTOMER,nmundeegs@infoseek.co.jp,"oR2(l$4,<.uG"
510,Norrie,Petrolli,CUSTOMER,npetrollila@cnet.com,jA1\7gkn)kn6Li%V
511,Damara,Leuty,CUSTOMER,dleutylo@sfgate.com,gN7{'42{o
512,Briano,Ledster,CUSTOMER,bledster3i@imageshack.us,tB0|Gx<AtX'B
513,Velma,Ambrosetti,CUSTOMER,vambrosetti72@netscape.com,lA4\+Px@BE/7Ox43
514,Beauregard,Franciskiewicz,SHIPPER,bfranciskiewiczc9@pagesperso-orange.fr,lT6)o0Y}i>/nB
515,Clarey,Huckster,CUSTOMER,chucksterim@unc.edu,sG1}cpN4'u7.y
516,Gae,Grenshields,CUSTOMER,ggrenshieldskv@pcworld.com,jI2%'h|n
517,Franky,Adanez,CUSTOMER,fadanezml@hibu.com,eO7!Y<Mx\
518,Marga,Osbidston,CUSTOMER,mosbidstonq8@seattletimes.com,qL4`Wq|W3&6x
519,Luther,Ropartz,SHIPPER,lropartzg0@dyndns.org,jC3.om?|.NUqBh8c
520,Dewain,Whitcher,CUSTOMER,dwhitcheroa@woothemes.com,dY6'}0n2jn\%r?u
521,Benny,Jirousek,SHIPPER,bjirousek6n@delicious.com,cM3@.O(s2Y#d#G
522,Buiron,Pickwell,CUSTOMER,bpickwell87@about.me,eH9|}.}5~U&
523,Adrienne,Fursey,CUSTOMER,afurseyau@themeforest.net,gU5?D#l*AH
524,Dorthy,Madelin,CUSTOMER,dmadelind1@wikipedia.org,"vN7/P""uoS"
525,Mark,Archley,CUSTOMER,marchleygy@flickr.com,"xG5@Gz2j>6""d*Dr"
526,Joseito,Lockery,CUSTOMER,jlockerymr@hc360.com,hL5}P?61!Q
527,Cori,Fausset,CUSTOMER,cfausset7q@facebook.com,rE8=O@94tQZ5=jo_
528,Cully,Arpino,ADMIN,carpino82@tmall.com,aF9?.m*I_nP
529,Kirby,Holcroft,CUSTOMER,kholcroften@wikispaces.com,"wK9<,~HRm6"
530,Chloette,Woolveridge,CUSTOMER,cwoolveridge21@w3.org,vO4&Wxm?m\!'#}Z
531,Elane,Capp,CUSTOMER,ecappcv@unicef.org,kZ1$gXZq3wSxk
532,Jermaine,Leeson,CUSTOMER,jleesondv@topsy.com,jG8>*8qw
533,Vern,Kelso,CUSTOMER,vkelsohq@tamu.edu,wL8`@~/xKU!/
534,Rebeca,Brideaux,CUSTOMER,rbrideaux4b@freewebs.com,nN5({)4Sxm*
535,Cris,Skarin,CUSTOMER,cskarinn0@wunderground.com,jX0~APQMWWA
536,Ody,Sponton,CUSTOMER,ospontonqr@google.nl,vO5%#6D}5~q
537,Stinky,Kindred,CUSTOMER,skindredr0@surveymonkey.com,dD4+E?|_TSZz*F2=
538,Josselyn,Sandwick,CUSTOMER,jsandwickgx@mozilla.org,qE1@U8im'|DU
539,Joyan,Trematick,CUSTOMER,jtrematicki4@fastcompany.com,"mP2}9fL,oz@"
540,Nickola,Pinchback,CUSTOMER,npinchbackp2@aboutads.info,"jE6}N.4vi|Y2a,"
541,Wallis,Trembey,ADMIN,wtrembey51@mediafire.com,"yK1\xs2ls""5>%Y1"
542,Cheri,Ingray,CUSTOMER,cingray5j@devhub.com,hF6|tB=fDFvb6l?_
543,Jo,Cumesky,CUSTOMER,jcumeskyr9@sciencedirect.com,zF5}n#jI?
544,Adara,Tatershall,CUSTOMER,atatershallnl@google.co.jp,iZ9.J!h>!hLjkb
545,Jasmine,Jewes,CUSTOMER,jjewes2i@comcast.net,mS6!#xBb
546,Syd,Flacknoe,CUSTOMER,sflacknoe85@google.it,"eB2""EZd3"
547,Gun,Leggett,CUSTOMER,gleggettr8@hexun.com,"pW2!5L0"""
548,Britt,Southby,CUSTOMER,bsouthby7s@businessweek.com,zA5)5S/ngAxUF|Go
549,Alisun,Jacquemy,SHIPPER,ajacquemyh8@ehow.com,wV1`Dx/Pq
550,Gilda,Eaves,SHIPPER,geaveshi@ft.com,zI9&FRQj)S0ep&
551,Eduino,Dallaway,CUSTOMER,edallawayl4@loc.gov,"qN6<BChz9\$e,"
552,Son,Eastes,CUSTOMER,seastespj@ft.com,xF6)1jli5%WAq$>R
553,Tyrone,McCourt,CUSTOMER,tmccourtqx@hud.gov,"uS0,1yaa?9Lz"
554,Dorri,Angood,CUSTOMER,dangood62@biblegateway.com,"zA9""F*reY2"
555,Junette,Petegrew,CUSTOMER,jpetegrewbb@wsj.com,lV7?{g1_&O50Z??u
556,Oralia,Redan,CUSTOMER,oredann9@tuttocitta.it,"lT0@WP""%y$DL&z"
557,Gasper,Tampion,CUSTOMER,gtampionb@github.io,tO3&qEIO4')qRD
558,Kristoforo,Moore,CUSTOMER,kmoore7y@wikispaces.com,"eA1""B!eh"
559,Jeffrey,Bugs,CUSTOMER,jbugs15@youtube.com,oB1.}nvr
560,Garreth,Cordelet,CUSTOMER,gcordelet17@shop-pro.jp,"qR6_mP""""%"
561,Durant,Orpen,CUSTOMER,dorpen2o@gravatar.com,yC8=q'f+_U
562,Meriel,Coolbear,CUSTOMER,mcoolbear2z@psu.edu,qX4)b7%&J+uc8D'T
563,Constancy,McRobbie,CUSTOMER,cmcrobbie9y@printfriendly.com,nF4~H})2$Il||w|
564,Theodor,Cheshir,ADMIN,tcheshirjz@tinypic.com,"eT8?o4,2.p#o_nTv"
565,Kaitlin,Cohalan,CUSTOMER,kcohalans@blogspot.com,"fS8,|f2u5b<.X"
566,Lin,O Sullivan,CUSTOMER,losullivan5e@nbcnews.com,"lU5#O""PQ"
567,Andras,Radoux,CUSTOMER,aradoux66@hexun.com,yF0@/k~\#w0/g
568,Desirae,Kempster,SHIPPER,dkempsterg9@wikia.com,xH2+K~@I
569,Melosa,Boram,SHIPPER,mboram3h@netvibes.com,bC3$MK_`$h'xSm
570,Melodee,McElane,CUSTOMER,mmcelanecp@yellowbook.com,bZ7{oMuVU
571,Shantee,Humbee,CUSTOMER,shumbeed5@feedburner.com,jB1>+SS_lI76K0>
572,Marvin,Naton,CUSTOMER,mnatongr@youku.com,bB0%sYB!)Nh4*2n
573,Torrey,Bernat,CUSTOMER,tbernatik@quantcast.com,dA8.+>U'8W`_(}!g
574,Willey,Greenless,CUSTOMER,wgreenlesskp@about.com,"oI7!oT,eORLB"
575,Claiborne,Elsley,CUSTOMER,celsleyr5@arstechnica.com,pP3#/vKB
576,Tam,Weblin,CUSTOMER,tweblin8b@baidu.com,"iL8""8qId>mNtYW,R"
577,Marita,Farrell,CUSTOMER,mfarrellr4@dropbox.com,qG7@o.0v&LE
578,Garvy,Stampfer,CUSTOMER,gstampfern2@omniture.com,eS7#f3iT2
579,Kurt,Crone,CUSTOMER,kcronepp@digg.com,eC8=}$>M8a
580,Christy,Duferie,CUSTOMER,cduferie65@google.co.jp,"iW2,k0@XB,%1p"
581,Claudie,Iacovides,CUSTOMER,ciacovidesmw@cnn.com,aQ3#4cj{b0NTEX
582,Dickie,Norwich,CUSTOMER,dnorwich6u@nba.com,"zK6{G""rr4"
583,Kaylyn,Saterthwait,CUSTOMER,ksaterthwait8s@japanpost.jp,tO8'xAVVGkbT
584,Tris,Fante,ADMIN,tfantelz@ucla.edu,"oR8`Fw=TX""w!"
585,Milzie,Scatchard,SHIPPER,mscatchardqq@toplist.cz,lF2`{x)%}{S
586,Leelah,Tarbet,CUSTOMER,ltarbet3j@wikipedia.org,"kH4""ff\!n5oK!"
587,Webb,Reuble,CUSTOMER,wreubleq1@nyu.edu,nG7$|Q%Q.R'k
588,Adelaide,Crowche,CUSTOMER,acrowche0@digg.com,"yY3)p,T""z\"
589,Evangelina,Gonnin,CUSTOMER,egonnin58@elpais.com,zT0=9l3xm
590,Kelwin,Yarwood,CUSTOMER,kyarwoodiv@weather.com,rW7!R5q$hv\><
591,Baily,Long,CUSTOMER,blongk2@irs.gov,qW2_!nG*g#9{q.
592,Ella,Frazier,CUSTOMER,efraziermc@gravatar.com,zR1/IyS7yH
593,Astra,McIndoe,CUSTOMER,amcindoe28@telegraph.co.uk,yM6}h!Is_f'
594,Abdul,Kliemchen,CUSTOMER,akliemchen9j@discuz.net,hB1~1XLwnxdg
595,Leoine,Selvey,CUSTOMER,lselveybx@vk.com,hF0|!gM0=Oc
596,Shaun,Scopham,CUSTOMER,sscophamgv@flavors.me,oD1>{PA&7/`n%63W
597,Gabie,Mitchenson,CUSTOMER,gmitchensonmz@uol.com.br,cE0\{xb6
598,Karalee,Toke,ADMIN,ktokefi@va.gov,iR5~<`KKq(EE9{`V
599,Axel,Najafian,CUSTOMER,anajafianjo@disqus.com,nL7`9<M/.rj#
600,Lorinda,Mathevet,CUSTOMER,lmatheveto8@mtv.com,bR7/*Vza2F
601,Alfred,Thys,CUSTOMER,athysnt@squarespace.com,fS8(~.2`
602,Shanda,Bims,CUSTOMER,sbims8i@reference.com,jQ1>6m`P.#
603,Brietta,Scannell,CUSTOMER,bscannellhb@networksolutions.com,jU7|I\qA?l?F
604,Nikki,Symper,CUSTOMER,nsympernk@vistaprint.com,rR2!I.yQa|
605,Norean,Spradbrow,CUSTOMER,nspradbrowon@weather.com,gH7}%<9Vc40dk1i
606,Vitoria,Elia,CUSTOMER,veliaqn@miitbeian.gov.cn,"eS8\>wAw,"
607,Lazarus,Odeson,CUSTOMER,lodeson4a@wikimedia.org,yZ7!ZU#UUO<yU
608,Pearla,Goodricke,ADMIN,pgoodricke4t@ftc.gov,wD4<3(H@s<u2
609,Tremaine,Fairbrace,SHIPPER,tfairbrace6o@cnn.com,"pB6,|b.|WsKIhc"
610,Aliza,Charlesworth,CUSTOMER,acharlesworthea@answers.com,uN0`yqg6
611,Jackelyn,Forryan,CUSTOMER,jforryan4@goo.gl,"hY6@5rI<g""y1U"
612,Lucina,Sheircliffe,CUSTOMER,lsheircliffe24@rakuten.co.jp,jF5_x=Q|=V<Oj
613,Linc,Simyson,CUSTOMER,lsimyson4x@mail.ru,tA1/$kcuQS+2x)4O
614,Roma,Brasener,CUSTOMER,rbrasener8g@harvard.edu,uB3'nQ7R|8
615,Benito,Brookes,CUSTOMER,bbrookesg2@1688.com,dK9`{/<e&`Sa>'
616,Mathias,Clack,CUSTOMER,mclack3u@imdb.com,pD4$Q=0o9DRogD}5
617,Maurene,MacCostigan,ADMIN,mmaccostigan8t@ucoz.com,vW3#b5PL`{a<x+Ek
618,Matthew,Tipping,CUSTOMER,mtippingi5@princeton.edu,pU5=+ycWG!w.
619,Lorraine,Ekless,ADMIN,leklesslw@gmpg.org,hL9$=WtTUd+(x
620,Rozella,Lamperti,CUSTOMER,rlamperti5q@cyberchimps.com,dQ3|JSs@oR
621,Rosemary,D'Hooge,CUSTOMER,rdhooge6y@google.nl,nW2.%3(HO/FZpTt
622,Daryl,Kohlerman,CUSTOMER,dkohlerman9h@microsoft.com,tG4'q%g*Pl#H%9j
623,Chase,Langcastle,CUSTOMER,clangcastle9i@ovh.net,rU2=(YUYW`2Rr
624,Erick,Tie,CUSTOMER,etieag@ask.com,vO8\\tPq(JySQ
625,Mathe,Gawthorp,CUSTOMER,mgawthorpb9@blogs.com,"vT2),c=ZfLi'"
626,Leelah,Sowden,CUSTOMER,lsowdenf0@prnewswire.com,uB4`yBMF)pW
627,Davidde,Vinnick,CUSTOMER,dvinnickrb@wikipedia.org,zB3`EnzZE
628,Patten,Rickerd,CUSTOMER,prickerd2q@google.es,"iY7/)9m_""zQJhgWv"
629,Rustie,Moisey,SHIPPER,rmoiseyge@ibm.com,iQ5&vr@E(xPg_O|
630,Gianina,Presslee,CUSTOMER,gpressleeie@fotki.com,eI1~)%3nP0OC|st
631,Catriona,Muzzollo,CUSTOMER,cmuzzollom3@is.gd,tR4=WXz&xLF
632,Ariela,Lartice,CUSTOMER,alartice46@usda.gov,lT1'1!S{JOXwG
633,Philip,McNay,ADMIN,pmcnaygl@netlog.com,rK1#W69e~I@tL(0J
634,Myrlene,Knott,CUSTOMER,mknotte1@freewebs.com,aQ3|Z3z'}>8BQ
635,Stinky,Clotworthy,CUSTOMER,sclotworthyjm@disqus.com,iF2|'4\\?E~#_@
636,Dirk,Lidington,ADMIN,dlidington7o@shinystat.com,bT8&5@xZ
637,Gabie,Winterburn,CUSTOMER,gwinterburn7t@youtu.be,"gF2""MbBB_,|"
638,Lizabeth,Haresign,SHIPPER,lharesignjn@squidoo.com,wO1}Nt'gNgl@v
639,Tiffanie,Matushevitz,CUSTOMER,tmatushevitzdt@tamu.edu,mK4&<4g%l&
640,Idelle,Rymer,CUSTOMER,irymerel@dailymail.co.uk,"eB4,Aec|.}#"
641,Allin,Manton,CUSTOMER,amantonq5@engadget.com,pI6%n@<{IH+c5th
642,Annabelle,Aslin,CUSTOMER,aaslin2@printfriendly.com,"qQ6+W?B,DV"
643,Suzi,Aslie,CUSTOMER,saslie9v@umich.edu,bN5)K\D{Ot>E1//J
644,Carlotta,Morrall,CUSTOMER,cmorralle7@wiley.com,iG6(G*WK
645,Farica,Kitlee,SHIPPER,fkitleeo3@nhs.uk,aH2''&'T+UHF
646,Buckie,Slatten,CUSTOMER,bslatten1e@walmart.com,hX0&y7lmbNb'8K!\
647,Chrisse,Bowling,CUSTOMER,cbowlingle@cloudflare.com,qS3#ad96(ZN+gT
648,Katharine,Bourget,CUSTOMER,kbourget34@nih.gov,zG2{YI~Gl5I'?b
649,Shanie,Maciak,CUSTOMER,smaciakaq@independent.co.uk,bZ4>GD%RM
650,Emanuele,Godman,CUSTOMER,egodmanat@marriott.com,kR0@R6_%EQFD{0&_
651,Barton,Cassius,CUSTOMER,bcassiusbh@storify.com,fU5|E1.7MX\?{0?
652,Gloria,Harrad,CUSTOMER,gharradjb@over-blog.com,vO3<|@on%
653,Clement,Wintringham,ADMIN,cwintringhammm@skype.com,"zW5|uf6`Fr,Sq"
654,Merna,Jerisch,CUSTOMER,mjerisch2v@newyorker.com,gJ6*%VJ0
655,Wayland,Metts,ADMIN,wmetts9z@ihg.com,lV7@&k_.sL%lCM
656,Dasha,McConnulty,CUSTOMER,dmcconnultyjw@1688.com,"dH4',RA7~"
657,Toby,Luetchford,SHIPPER,tluetchfordlx@google.co.jp,xT6{et0?4.)?6R)q
658,Nicola,McCoid,CUSTOMER,nmccoidnz@ed.gov,jL4<Ow9TF%
659,Georgena,Moran,CUSTOMER,gmoranpm@washingtonpost.com,iF7/O/fb
660,Torin,Wallwood,ADMIN,twallwoodpt@tripod.com,uU2|c1#NXy9
661,Teodor,Kiloh,CUSTOMER,tkilohpf@blogspot.com,jZ1%'(YpX1S
662,Jo,Francklyn,SHIPPER,jfrancklyn64@admin.ch,mF9?t1S#{b>=.B
663,Collin,Di Biasi,CUSTOMER,cdibiasieq@whitehouse.gov,tK8$(ctD6ZI73<
664,Cathyleen,Najera,CUSTOMER,cnajeranv@amazon.co.jp,aF5@i8)1I
665,Trix,Randell,CUSTOMER,trandell7n@infoseek.co.jp,iE2`?xjT8|Mbj$
666,Phyllys,Coniff,ADMIN,pconiffdi@guardian.co.uk,eH5.uopYZf>C
667,Aaron,Spottswood,CUSTOMER,aspottswoodih@unesco.org,cO8|sTiqpO<agN~
668,Adham,Byram,ADMIN,abyram13@berkeley.edu,aR2><uXBIxs1
669,Whitney,O'Mara,CUSTOMER,womara4v@craigslist.org,gF9'8>MKKGd7
670,Aggie,Kubicka,CUSTOMER,akubicka6r@admin.ch,"lC3""Zt`h"
671,Kip,Eastwood,CUSTOMER,keastwoodej@people.com.cn,"iR1>""mB4l,?4pQ"
672,Davine,Martinetto,CUSTOMER,dmartinettohk@zdnet.com,"vZ4@zc=.sUhOFJ"""
673,Leigh,Profit,CUSTOMER,lprofit5o@unesco.org,"wT5""tesWS"
674,Tedie,Le Noir,SHIPPER,tlenoirbt@parallels.com,sA7@wQAs@.OT
675,Gelya,Farge,CUSTOMER,gfarge25@ow.ly,lQ0(JGG7IR`
676,Kissie,Badder,SHIPPER,kbadder4o@ezinearticles.com,sP6\!%Ja&BgzMVyx
677,Nappie,Tees,SHIPPER,ntees8f@china.com.cn,mV2$j_d=_
678,Phillipp,ducarme,SHIPPER,pducarmee8@drupal.org,"pJ6/""7FW)GVrycX"
679,Berthe,Shimon,CUSTOMER,bshimong7@freewebs.com,tV0\Cfv{>>a@
680,Nolly,Loble,CUSTOMER,nloblegf@fda.gov,xC7~rkE5geoq~+3b
681,Magdalena,Hanby,CUSTOMER,mhanbyh3@cbslocal.com,tI5>GrEq<
682,Gottfried,Rea,CUSTOMER,greal3@telegraph.co.uk,"xQ5_3KwIH?&+""f,="
683,Ichabod,Carlsen,ADMIN,icarlsen3e@boston.com,yP7+CY@N
684,Maryrose,Woolstenholmes,CUSTOMER,mwoolstenholmes6p@theatlantic.com,"rU6.6,)(68"
685,Marillin,Newlands,CUSTOMER,mnewlandsai@quantcast.com,wM7\d(xlk%Wa~w>.
686,Clarie,Dufaur,CUSTOMER,cdufaurnx@adobe.com,hI1#VF<t5Kt{LKL)
687,Bonni,Snepp,SHIPPER,bsneppar@e-recht24.de,sZ4)gC0R`U{
688,Benetta,Lewzey,CUSTOMER,blewzeyb1@vkontakte.ru,lY5\%M1Pw)N>a
689,Woodman,Incogna,SHIPPER,wincognacl@mit.edu,oI5~V+EKo
690,Chrysa,O'Heneghan,CUSTOMER,coheneghank3@mit.edu,mD9}&Ks2`nZSUFw
691,Bertrando,Kimm,ADMIN,bkimmg@cnn.com,"tN3"")rxdUk`sE"
692,Pieter,Mourant,CUSTOMER,pmourant3p@tripadvisor.com,xK9@lWuMH3kh
693,Jakie,Lilleman,CUSTOMER,jlilleman42@msn.com,mS0.(Gc)=9NFCs
694,Bendix,Hickenbottom,CUSTOMER,bhickenbottoma2@parallels.com,"eX0%_UE6L5,HD~$A"
695,Jamima,Berriball,CUSTOMER,jberriballij@ow.ly,oE7'}AIcz#f+2
696,Leonhard,Maven,CUSTOMER,lmavenl8@newsvine.com,"yE6,|P{{BggfX"
697,Willem,Symington,CUSTOMER,wsymingtonlp@meetup.com,nU7>b#u$G
698,Ali,Frankling,CUSTOMER,afrankling4y@tiny.cc,"zM6%*p4W=""eQ4)"
699,Karel,Melloy,ADMIN,kmelloy78@businesswire.com,rT9!cR{p'O=)H6t
700,Noemi,Lavies,ADMIN,nlavies98@aol.com,uW3(llih
701,Dulce,Dowty,CUSTOMER,ddowtyj5@youtube.com,eW8$unYoanb
702,Newton,McLaverty,CUSTOMER,nmclavertyks@reference.com,zJ3$+~?HdBdP._M
703,Cami,Meneyer,CUSTOMER,cmeneyernm@eepurl.com,"mH7""kU5<7`""e#!N"
704,Viviene,Blasius,CUSTOMER,vblasiusgn@indiegogo.com,tS1$k>.cp3P@FJD
705,Rosanne,Fitt,CUSTOMER,rfitti2@t-online.de,"bV5@zhe""UuD`Y9tE"
706,Aurie,Inmett,CUSTOMER,ainmettkf@meetup.com,eV5)IG=<#
707,Clyve,Tilne,CUSTOMER,ctilnelt@princeton.edu,dO6{N.Ha2S/
708,Anthony,Serjeant,CUSTOMER,aserjeant4m@google.it,pK2\+q$+
709,Darcy,Levecque,CUSTOMER,dlevecquel@cnet.com,dG1\~WItwqRVx
710,Lisle,Blasoni,CUSTOMER,lblasoni7i@sciencedirect.com,nN3(QTdl{mMqcMO
711,Kenton,Hughill,CUSTOMER,khughillhf@google.es,"iJ6""|#4ylip0G_"
712,Vivien,Dollard,CUSTOMER,vdollardkd@vk.com,mF9_k{y?%9
713,Zachary,Faughny,CUSTOMER,zfaughnykg@businessinsider.com,"cU1""gp|r$D(53d"
714,Edvard,Ghidini,CUSTOMER,eghidinin3@ed.gov,cP3)BVUt*_LDE
715,Gennie,Doud,CUSTOMER,gdoudhd@earthlink.net,zN1=jRm~u
716,Jacqui,Coleborn,CUSTOMER,jcolebornli@newsvine.com,wT4*qfxN0.}Tjsi
717,Bren,Moule,ADMIN,bmoulels@theatlantic.com,eZ7=k\5(!+Aj!\
718,Gannie,Della Scala,CUSTOMER,gdellascalamh@friendfeed.com,cO5=fg|D+'lJ2$aJ
719,Jefferson,Woolford,CUSTOMER,jwoolfordql@networkadvertising.org,mK3*b5k3
720,Robenia,Bletsor,CUSTOMER,rbletsor4n@java.com,rY5.7ocA#>+nLq
721,Felic,Ellsbury,CUSTOMER,fellsbury8h@tinyurl.com,zG1<Pfk4Y`s)kq*
722,Gearard,Straneo,CUSTOMER,gstraneoap@dropbox.com,"tA9~g,<6I"
723,Annalee,Menpes,CUSTOMER,amenpesdk@netvibes.com,gT9|p+pBM4O
724,Emery,Ridewood,ADMIN,eridewoodr@histats.com,kH1>STmMS1Gz
725,Averill,Seabourne,CUSTOMER,aseabourne44@sitemeter.com,tQ7\+'I5d@FN)/T
726,Nata,Feige,CUSTOMER,nfeigerh@latimes.com,lE9$QzP)&$)5
727,Yasmeen,Corbishley,SHIPPER,ycorbishleyqo@ox.ac.uk,iB4*exCm3
728,Vachel,MacEntee,CUSTOMER,vmacentee1f@dell.com,nH0}z6a\>
729,Chane,Bardwall,CUSTOMER,cbardwall2e@so-net.ne.jp,oR6??WZePzOmqJ)
730,Devin,Berkery,CUSTOMER,dberkery74@chronoengine.com,"qB5$m59""2{"
731,Rita,Dugood,CUSTOMER,rdugood97@zimbio.com,cH6.|}XAu&#
732,Berkie,Cockshoot,CUSTOMER,bcockshootdn@nifty.com,nJ1{Ku&UXJ5)(pO
733,Daisie,Woodgate,CUSTOMER,dwoodgateeu@mozilla.org,jA8<fn_FQ5@/*
734,Amelia,Downes,CUSTOMER,adownes3@macromedia.com,"tK7?wY|""nDO,B"
735,Yard,Kasher,CUSTOMER,ykashere@mit.edu,jC4?ylOz
736,Devonne,Kleinber,SHIPPER,dkleinberf@google.com.au,bG1(zt83X<p3z=
737,Robinia,Tregea,CUSTOMER,rtregeaz@cyberchimps.com,fZ8'u's)a
738,Selene,Swannack,CUSTOMER,sswannackbq@yandex.ru,"zC2`l}Vt!(vF,8$a"
739,Chrystal,Tourle,CUSTOMER,ctourlel1@acquirethisname.com,zI3}}T!{*7<Hosq
740,Blondie,Longmead,CUSTOMER,blongmead1g@auda.org.au,"uU9(B~/S""2%"
741,Mill,Cossentine,CUSTOMER,mcossentinep1@themeforest.net,qS6=K#$=SA.0
742,Sebastian,Greggersen,SHIPPER,sgreggersenrn@nbcnews.com,"eR7#Th!=n,jxHO"
743,Kaye,Dillon,ADMIN,kdillon35@disqus.com,kX8&_y'\z2(l/p{
744,Jorey,Paur,CUSTOMER,jpaurfn@mozilla.com,rD0@H3tHZN>X
745,Liva,Brimson,CUSTOMER,lbrimsonbf@ustream.tv,"cH4""x!6N\xQ(kc"
746,Vanya,Garahan,CUSTOMER,vgarahandj@mozilla.com,iY4+uZl0xG
747,Lane,Dungey,CUSTOMER,ldungeyit@cam.ac.uk,gL7@(Vq7
748,Neville,Erat,CUSTOMER,neratlc@reverbnation.com,"zO8,TevN4Jc2_=T"
749,Corie,Threadkell,CUSTOMER,cthreadkell1t@blog.com,eQ8`SP7w
750,Tades,Sabates,CUSTOMER,tsabates3k@prnewswire.com,"kM6#c51""za&"
751,Horace,Hartfleet,CUSTOMER,hhartfleetgt@fc2.com,iI0>Dn)/Z$f}
752,Drusi,Alloway,CUSTOMER,dallowayhp@reference.com,tT0\We<S$wEv|u
753,Stormy,Schott,ADMIN,sschott4z@twitter.com,iK3&pN33
754,Rhoda,Garton,CUSTOMER,rgartonc7@goo.gl,fJ1<XgxY~Ho
755,Lelia,Allcoat,CUSTOMER,lallcoatj3@mapquest.com,tO0~Uq@4D
756,Mendie,Silkstone,CUSTOMER,msilkstoneqj@ucla.edu,bJ2`*)o=a%.nDf
757,Page,Hegel,CUSTOMER,phegel1l@reuters.com,"lQ9&G""UAE\"
758,Findley,Braidwood,CUSTOMER,fbraidwood6l@behance.net,uH7&eqLF%/
759,Meris,Praton,CUSTOMER,mpratonoo@cbc.ca,oO9/ZZ/+
760,Gusty,Delucia,CUSTOMER,gdelucia8j@ocn.ne.jp,qO7'I22M?<#
761,Beulah,Windress,CUSTOMER,bwindress1h@adobe.com,qI9}q+Ju_xh)(Ao
762,Renado,Gobat,CUSTOMER,rgobatbp@cnn.com,"gJ4""th$N"
763,Meris,Choppen,CUSTOMER,mchoppengc@i2i.jp,xR9/JHIgG&AgG
764,Roland,Scimonelli,CUSTOMER,rscimonelli7m@chicagotribune.com,"aC8)ykZG""_u+Ye2"
765,Jacquelynn,Crassweller,CUSTOMER,jcrasswellerpi@irs.gov,fU1%6oUE\X
766,Virginie,Rihosek,CUSTOMER,vrihosek1a@gnu.org,bQ4`$c9Ht>6hBK
767,Drud,Olding,CUSTOMER,doldingjh@devhub.com,"zE1{t\V""7>0f>ho"
768,Gleda,Engall,CUSTOMER,gengallmk@goo.gl,gL3=FAHIM_<
769,Tisha,Oldridge,CUSTOMER,toldridge1y@163.com,iZ3~WzOJIiOS'{
770,Jodie,Lukovic,CUSTOMER,jlukovic30@bloglines.com,rW6@rb/NN
771,Ginnifer,Capel,CUSTOMER,gcapelek@narod.ru,"oC9""ELb<S,"
772,Fransisco,Barnbrook,CUSTOMER,fbarnbrookf3@t-online.de,"sK1~t}2C?`y""P<CC"
773,Carroll,Rosenschein,CUSTOMER,crosenscheinjl@chronoengine.com,nN7@S~p>
774,Sheila,Iliffe,CUSTOMER,siliffenq@friendfeed.com,rI5+QHI<Q
775,Uri,Pankettman,CUSTOMER,upankettmano@cyberchimps.com,bG7~\nI0
776,Ragnar,Albutt,SHIPPER,ralbutt2p@cargocollective.com,hZ7<v_'B
777,Freemon,Vankov,ADMIN,fvankov6e@quantcast.com,sO5%CLjd
778,Rem,Tunnock,CUSTOMER,rtunnock99@cafepress.com,hK8\x<VYdB9JZu
779,Noah,Kedge,CUSTOMER,nkedgefk@yahoo.co.jp,"eN4""Tm,b""*fj~"
780,Violetta,Niese,CUSTOMER,vniesely@squidoo.com,zE9=JDbB|je
781,Hercules,Hartman,CUSTOMER,hhartman5p@arizona.edu,mL4&F+5*pVS
782,Mauricio,Sirl,CUSTOMER,msirlbw@clickbank.net,"xB9=j(v{A{,Xd&W"
783,Juliet,Jerrom,CUSTOMER,jjerromdo@npr.org,tT7#6'2RQ5v2ViU.
784,Caril,Adhams,CUSTOMER,cadhamskl@sciencedirect.com,nV9)'e$\$nR
785,Cam,Divall,ADMIN,cdivallm5@unesco.org,rO7/y!4?
786,Kessiah,Du Hamel,CUSTOMER,kduhamel16@smh.com.au,tL0@p=Ww!`$r3
787,Catina,Ellwell,ADMIN,cellwell8l@ihg.com,pU9?aa(jh9U8nT
788,Garnet,Trunks,CUSTOMER,gtrunksna@apple.com,tS7+&x=Ii1'
789,Tome,Simkin,CUSTOMER,tsimkin71@infoseek.co.jp,jJ7?#A|zqa`w
790,Marsiella,Baynton,CUSTOMER,mbayntonbl@alibaba.com,aI5'j\jY
791,Nigel,McElhinney,CUSTOMER,nmcelhinneyci@delicious.com,tT3`u<Lwvt
792,Buck,Ripping,CUSTOMER,brippinggg@indiegogo.com,cL2'xQj'&.u
793,Bourke,Wysome,CUSTOMER,bwysomep3@vimeo.com,"uE6}X""\_`X<m.h"
794,Giralda,Tellenbach,CUSTOMER,gtellenbachpd@usnews.com,jJ8/w2_EL<
795,Emmery,Dumphy,CUSTOMER,edumphye6@noaa.gov,eV2_{TfwA5El
796,Margeaux,Bastable,CUSTOMER,mbastablej8@japanpost.jp,"nS4,<N&g>|Jt3fR}"
797,Kylen,Ludvigsen,ADMIN,kludvigsen5k@vimeo.com,gX9<teYO*HKpHB
798,Frasquito,Foltin,ADMIN,ffoltinh6@sakura.ne.jp,"iC0.m|&"">WLJ.Hd"
799,Kanya,Kersey,SHIPPER,kkersey18@blogspot.com,vF5>d0O_2
800,Fitzgerald,Stickford,CUSTOMER,fstickfordrr@wiley.com,"dZ5<3N,T=JH\pF"
801,Maison,Sekulla,CUSTOMER,msekulla1p@trellian.com,"mB4>9UT.O"""
802,Marty,Calow,CUSTOMER,mcalowa8@hc360.com,yF4'/IS5
803,Vida,Castro,CUSTOMER,vcastroo0@si.edu,"eL4{#q{,fo"
804,Heloise,Cod,CUSTOMER,hcod59@t-online.de,bW0(cWS?vVYK?(t_
805,Giulia,Liddard,CUSTOMER,gliddard7f@multiply.com,oK8#y=PazD
806,Thayne,Godthaab,CUSTOMER,tgodthaab8z@shinystat.com,iZ7|hL0!
807,Philip,Brittin,CUSTOMER,pbrittinct@msu.edu,bX4}o$w(}<cvH\Eq
808,Valida,McNiff,CUSTOMER,vmcniffke@geocities.com,tY2#~Rf)c0hm
809,Evangeline,Danels,SHIPPER,edanelsq2@biglobe.ne.jp,gR8*qYGE&XW
810,Chuck,Wisdish,CUSTOMER,cwisdishp5@accuweather.com,sB1=G\K(
811,Gunther,Presslee,ADMIN,gpressleeu@hao123.com,rA3_Rcn%&yTRye?
812,Adela,Essame,CUSTOMER,aessame4k@com.com,uU5{0Q{ZTkP@0gbi
813,Roxane,Gooday,CUSTOMER,rgoodayl7@paypal.com,"bJ0`gPg`,vBS\p>"
814,Garrett,Upham,CUSTOMER,gupham26@thetimes.co.uk,hN8<E*0HM5NfFEN
815,Berkly,Mabley,CUSTOMER,bmabley77@fda.gov,fB8<){5~GgJtnm1
816,Rabbi,Durrington,CUSTOMER,rdurrington37@mozilla.org,cG4?@5evVrxWB@~J
817,Suzi,Armal,ADMIN,sarmalei@tripadvisor.com,pA6|@@(}K+<P%Q>
818,Karine,Dulwitch,CUSTOMER,kdulwitchg1@webs.com,pS8?crX&(/dLCr}
819,Reade,Looby,CUSTOMER,rloobyic@yandex.ru,qS1`TZz~g
820,Antonino,Slatten,CUSTOMER,aslattenah@vinaora.com,"mA5,bPfn9'""~$J>*"
821,Loutitia,Bramwell,CUSTOMER,lbramwelldu@lulu.com,fP3$N|2tw}<v4
822,Romonda,Willavize,CUSTOMER,rwillavizejs@cdc.gov,tY7)TX5k9Ub)
823,Shannen,Keningham,CUSTOMER,skeninghamka@mediafire.com,qL0%<fv5=
824,Elvira,Gernier,CUSTOMER,egernierkt@rakuten.co.jp,"zU4""S4PwP)}"
825,Timmy,Vincent,CUSTOMER,tvincentqa@cmu.edu,kU6_V1IuC*v
826,Clayson,Andrelli,CUSTOMER,candrelli2c@spotify.com,zB6!A_Sm<@3rS
827,Barnaby,Torvey,CUSTOMER,btorveyb3@un.org,sP6~2P$+IdEvSd(n
828,Junia,Hutchinges,CUSTOMER,jhutchingesi7@slashdot.org,hI7!K'`8.5PF
829,Fayth,Epgrave,CUSTOMER,fepgrave5s@washingtonpost.com,"oF3""Ac%+}\D~"
830,Thedrick,Simmank,ADMIN,tsimmank5t@webnode.com,jK4#is!*5(
831,Foss,Jessard,CUSTOMER,fjessardrq@seesaa.net,vW4@)o_#3)
832,Anitra,Abeles,CUSTOMER,aabelesc0@domainmarket.com,mL3+SKyx~$pI
833,Sherlock,Maus,CUSTOMER,smauscq@senate.gov,cR9~+mhJKflF5
834,Cinderella,Skillanders,CUSTOMER,cskillandersrj@jigsy.com,sL7`s=}h)M1C4
835,Kylynn,Havile,SHIPPER,khavile3s@blinklist.com,"nC4$unNrb""1y.uz&"
836,Layney,Romaine,CUSTOMER,lromaine3y@gravatar.com,tC1#d!vq{Aj`N
837,Rhianna,Crat,CUSTOMER,rcrat43@jimdo.com,iE3`uoxGsh*
838,Nowell,Gyngell,CUSTOMER,ngyngellj2@dailymotion.com,"sS7}R""eU*GpS9\iH"
839,Friedrick,Wartonby,CUSTOMER,fwartonbyjy@zimbio.com,sS3=~/N5?A_XI
840,Waite,Veltmann,CUSTOMER,wveltmann3t@moonfruit.com,oH5>O<Rw
841,Robenia,Annott,CUSTOMER,rannott67@shop-pro.jp,kQ0#rhOr+EfsfS
842,Roarke,Daenen,CUSTOMER,rdaenenf2@imageshack.us,eW8`B8$ZOh8esl$$
843,Leo,Calcutt,ADMIN,lcalcutt61@posterous.com,kM1#F68MZg<
844,Herb,Gaskall,CUSTOMER,hgaskallbu@yale.edu,eV5?vAM7a
845,Peg,Killiner,CUSTOMER,pkillinerfj@trellian.com,kH2|_w0i&O
846,Woody,Josefsen,CUSTOMER,wjosefsenku@bbc.co.uk,gV4*\(CXioy
847,Sheilakathryn,Quarless,CUSTOMER,squarlessmb@answers.com,"rK3#""ufw%>siM"
848,Selby,Layland,ADMIN,slaylandpb@google.cn,uH5~5Z8fu2
849,Mariya,Bearblock,CUSTOMER,mbearblockc3@irs.gov,"rU5'8ki""!"
850,Hilde,Handover,CUSTOMER,hhandoverfc@studiopress.com,"eM0|v#t6bW_"""""
851,Spenser,Rishbrook,SHIPPER,srishbrookhe@shutterfly.com,uB5_YDGXxD}k=gd%
852,Idette,Hachard,CUSTOMER,ihachard1n@utexas.edu,"dT2,qX>1i("
853,Archibald,Lott,SHIPPER,alott29@123-reg.co.uk,"oF1""YKJ25"
854,Wallache,Mardoll,CUSTOMER,wmardoll6s@economist.com,uZ0?)p}u/Z`G*u
855,Jeno,Rotchell,CUSTOMER,jrotchellqs@patch.com,iN5'vwh0z
856,Minne,Tarply,CUSTOMER,mtarply8y@amazon.com,fC2+L4{p0
857,Coreen,Rubbens,SHIPPER,crubbensgm@privacy.gov.au,qD2\7w57Mxg8`
858,Matthieu,Grzegorzewski,CUSTOMER,mgrzegorzewski2t@discovery.com,hB9~s1aq
859,Karina,Mugford,CUSTOMER,kmugford4p@etsy.com,kB8!*|($\utc2A<
860,Chariot,Marginson,CUSTOMER,cmarginson90@blogtalkradio.com,"iB0|<(7""U=JPBEx!"
861,Rudy,De Cruze,CUSTOMER,rdecruzejt@ifeng.com,xN5!xIBi/
862,Constance,Eltone,CUSTOMER,celtoneor@netlog.com,xW2.)_s#}#y?
863,Cynthie,Lockie,CUSTOMER,clockieey@irs.gov,"uB2>`~*tdEa6i3"""
864,Reta,Marquiss,CUSTOMER,rmarquissf1@auda.org.au,"qU7|ka/w%,a!+S("
865,Shandy,Burgwyn,CUSTOMER,sburgwynh2@booking.com,tR4>RDIjQuiLx0
866,Dulsea,Schroter,ADMIN,dschroternp@360.cn,lJ5}Mg8u`TjW'&3
867,Angelia,Haliburton,CUSTOMER,ahaliburtonre@multiply.com,bK7'KIhg}O
868,Pernell,Karim,CUSTOMER,pkarimj9@smh.com.au,vE1/6VBbM
869,Porter,Banker,CUSTOMER,pbankerma@list-manage.com,nV8%tgoe`/
870,Zachariah,Blacktin,CUSTOMER,zblacktinde@wisc.edu,"tY3!b}_}J,0\1"
871,Ilario,Spurrior,CUSTOMER,ispurriorne@nps.gov,"bC5@,Mgp"
872,Bernardina,Furzey,CUSTOMER,bfurzey9@myspace.com,"yT5&E9""ES<{g&E"
873,Ariel,Waggitt,CUSTOMER,awaggitto1@tripod.com,"pR1""0_{#J<#|"
874,Cornell,Piens,ADMIN,cpiensm6@livejournal.com,"yJ6%L,Awgn7}~"
875,Natalee,Ballister,SHIPPER,nballisterr1@latimes.com,qJ4!Ch%`)
876,Feliza,Schultes,CUSTOMER,fschultesr6@harvard.edu,"vM8{Q?pXe""@{"
877,Cross,Tolcharde,ADMIN,ctolcharde3d@ezinearticles.com,wC8>&9_l?wN
878,Tiffie,Peacock,CUSTOMER,tpeacockcg@sfgate.com,kT4)'>Px
879,Mella,Hughesdon,CUSTOMER,mhughesdonew@samsung.com,bU9!}nD/1lH
880,Samantha,Lloyds,CUSTOMER,slloydshx@github.com,jE9&GGU7T
881,Barth,Beaney,CUSTOMER,bbeaneyjd@army.mil,"nK5,=c03MC#$"
882,Martyn,Lettley,CUSTOMER,mlettley5h@unesco.org,aB2`?s~YNrv~.{>
883,Helenelizabeth,Dunkley,CUSTOMER,hdunkleybr@example.com,nR1/#HU&1!6N<wZZ
884,Roz,Aymerich,CUSTOMER,raymerich40@istockphoto.com,zT7*roUY
885,Adi,Colston,CUSTOMER,acolston6z@bigcartel.com,"wA1""$$1Kv~=Ij&"
886,Catina,Dommersen,CUSTOMER,cdommersenjf@ocn.ne.jp,"hS5/~GsBg,ia{`ZS"
887,Hannis,Ghidelli,SHIPPER,hghidelli20@typepad.com,nH8'bk}<42D
888,Binni,Dudman,CUSTOMER,bdudman27@hud.gov,lH9(}jd}y
889,Killy,Fallowes,CUSTOMER,kfallowesaj@ycombinator.com,"iR6_.hp,/"
890,Bertina,Gillhespy,CUSTOMER,bgillhespybo@cocolog-nifty.com,zZ6@SZP{bj.j?Lf)
891,Sherrie,Gerretsen,CUSTOMER,sgerretsendp@fema.gov,nX2'VBeP5lNwS6g&
892,Jobey,Edgell,CUSTOMER,jedgellg5@princeton.edu,"rC2""eoDBSy"
893,Hendrik,Clemmen,CUSTOMER,hclemmenns@rambler.ru,jA9<GExEW
894,Edyth,Redwall,CUSTOMER,eredwall1c@e-recht24.de,dA5/EMfU98
895,Isidro,Mattedi,CUSTOMER,imattedi4j@canalblog.com,dU4/*QS~N>NSKg
896,Maximilianus,Possell,CUSTOMER,mpossellas@cloudflare.com,"yF5{9oWu9,)*6<n`"
897,Terrell,Desbrow,CUSTOMER,tdesbrowaw@blogspot.com,"gS5""qUNjTfkWh"
898,Hurleigh,Mealand,CUSTOMER,hmealandfp@un.org,"jE9!""8y|mB}6I"
899,Maynard,Pinfold,CUSTOMER,mpinfoldi9@wikimedia.org,dF0?(3uosdAprw)
900,Isabeau,Chattington,SHIPPER,ichattingtonn7@multiply.com,cB9`mZ'=a`
901,Hartwell,Bretland,CUSTOMER,hbretlandt@twitter.com,tV4>gMDk9BUu6bGM
902,Randie,Peppard,CUSTOMER,rpeppard91@prlog.org,"sA7\g}f6!l'P0,V"
903,Marley,Mayte,ADMIN,mmayte9q@apple.com,qE3}bYl{a6!ti6
904,Cinnamon,Dowden,CUSTOMER,cdowdenb0@barnesandnoble.com,hZ4|3=$VKkOu0k4s
905,Arney,Ezzell,CUSTOMER,aezzellmi@springer.com,eY5{ucHtC.#'gPoe
906,Robinetta,Burry,CUSTOMER,rburrypx@virginia.edu,mV6!7|<rU|'+
907,Fabian,Atterbury,CUSTOMER,fatterburyhc@google.ru,xU9)CW4unW
908,Walt,Passey,SHIPPER,wpasseykn@addthis.com,yQ0\UV13S
909,Prissie,Cersey,CUSTOMER,pcerseyrm@goo.gl,"qV2,&UNXD1<>4a8"
910,Shawn,Jirzik,ADMIN,sjirzik5n@ebay.co.uk,pB4|v3F(v\PEXz|
911,Delly,McMenemy,SHIPPER,dmcmenemyiz@stanford.edu,jC9/jjq{jYXPLL=N
912,Janaye,Oxberry,ADMIN,joxberry50@goo.gl,"xZ2(T<?r\""o"
913,Lindsay,Lougheid,CUSTOMER,llougheid88@unc.edu,sK4*0jDN1ryZaAgr
914,Manfred,Letchford,CUSTOMER,mletchford9n@sfgate.com,cP0$_W*JN(h&)wE
915,Herta,Arrighetti,CUSTOMER,harrighettifd@devhub.com,mQ9)S2kU$hl
916,Garwood,Hunnisett,CUSTOMER,ghunnisettoc@imageshack.us,"kK2'yCW_D?Sv""H)"
917,Barris,Scorey,CUSTOMER,bscoreycz@craigslist.org,xB4!cGc4o
918,Pete,Tomaszczyk,CUSTOMER,ptomaszczykd2@bbc.co.uk,xT5'pVqNuHjpJZE
919,Ignace,Symmons,CUSTOMER,isymmonsqv@hc360.com,"vZ3,g|knMk30"
920,Kerrie,Limbert,CUSTOMER,klimbert2a@plala.or.jp,vL2(spaip
921,Heida,Pyrton,CUSTOMER,hpyrton7g@netscape.com,"hO0)I}D,bmD"
922,Thorn,Ridding,CUSTOMER,triddinges@ebay.co.uk,gA6'uM%!k6dw
923,Tammi,Tatnell,CUSTOMER,ttatnellhj@wix.com,dW2_Sc7(?c
924,Eleni,Pietroni,CUSTOMER,epietronioq@nps.gov,pR0@Q$q~n`G
925,Elita,Chittey,SHIPPER,echittey5r@deviantart.com,eS6!rZ5>Q
926,Jeralee,Bannerman,CUSTOMER,jbannerman9a@biblegateway.com,uQ5>6pBO>/(a8p*
927,Averell,Stollenhof,ADMIN,astollenhof9t@time.com,lK9%6#$|vg
928,Averil,Maker,SHIPPER,amakerhl@ox.ac.uk,fS8!a<5NpTE'7
929,Thorndike,Langfitt,CUSTOMER,tlangfittht@bing.com,"aP8\~,$2LC4"
930,Anne-marie,Rate,CUSTOMER,aratenj@engadget.com,"kK7|6u},e9oHrI@d"
931,Max,Dacke,CUSTOMER,mdackerf@marriott.com,"gN6}Vjaa""`b)"
932,Glynis,Moukes,ADMIN,gmoukes22@sitemeter.com,vD3@c+=+#=B
933,Van,Lonergan,CUSTOMER,vlonerganba@ocn.ne.jp,kL8)HZie@.LO/
934,Fernanda,Ruckman,CUSTOMER,fruckman3f@bloglovin.com,pO2|@t3M
935,Alberto,O' Scallan,CUSTOMER,aoscallan86@craigslist.org,hF2@U'|%
936,Ellis,Borgnet,SHIPPER,eborgneth9@tripadvisor.com,sT6'ZO)g
937,Jesus,Inchley,CUSTOMER,jinchleyoi@usda.gov,cF0$3~f\$R3.Fc2
938,Gabriela,Bartlett,CUSTOMER,gbartlettqp@w3.org,xD6=Ot+|Skg(
939,Ellene,Hovard,CUSTOMER,ehovard63@sohu.com,tS6>MD4Nj&E}QG
940,Brena,Lismore,CUSTOMER,blismoreef@cbslocal.com,wY3{KQ>h|y
941,Elden,Peatman,CUSTOMER,epeatmangz@hhs.gov,lU3.I}dVZ{vw
942,Joya,Tonkes,CUSTOMER,jtonkespg@linkedin.com,mQ5{U'sdrRD
943,Nettie,Sawood,CUSTOMER,nsawood1x@state.gov,zJ1$L8B_Ih
944,Sayers,Willmott,CUSTOMER,swillmott7r@wisc.edu,zD8.MASQTJ`
945,Sven,Killelea,CUSTOMER,skilleleamn@shareasale.com,wA0|1~EM
946,Janice,Marusik,CUSTOMER,jmarusiko9@economist.com,mA8>QK.|RDlSyZ9
947,Devina,Bever,CUSTOMER,dbever95@bbc.co.uk,"lK9""1@BA<6w\F"
948,Emalia,Scarth,CUSTOMER,escarthln@hugedomains.com,yA9{9T>}m$?VkE
949,Zachary,Yarker,CUSTOMER,zyarkerod@huffingtonpost.com,sS6<Py<`#w1GMz
